province;red;green;blue;x;x#Valley of Mexico
1;128;34;64;XXX;x
2;0;36;128;XXX;x
3;128;38;192;XXX;x
4;0;40;255;XXX;x
5;128;42;0;XXX;x
6;0;44;64;XXX;x
7;129;46;128;XXX;x
8;1;48;192;XXX;x
9;129;50;255;XXX;x
10;1;52;0;XXX;x
11;129;54;64;XXX;x
12;1;56;128;XXX;x
13;129;58;192;XXX;x
14;2;60;255;XXX;x
15;130;62;0;XXX;x
16;2;64;64;XXX;x
17;130;66;128;XXX;x
18;2;68;192;XXX;x
19;130;70;255;XXX;x
20;2;72;0;XXX;x
21;131;74;64;XXX;x
22;3;76;128;XXX;x
23;131;78;192;XXX;x
24;3;80;255;XXX;x
25;131;82;0;XXX;x
26;3;84;64;XXX;x
27;131;86;128;XXX;x
28;4;88;192;XXX;x
29;132;90;255;XXX;x
30;4;92;0;XXX;x
31;132;94;64;XXX;x
32;4;96;128;XXX;x
33;132;98;192;XXX;x
34;4;100;255;XXX;x
35;133;102;0;XXX;x
36;5;104;64;XXX;x
37;133;106;128;XXX;x
38;5;108;192;XXX;x
39;133;110;255;XXX;x
40;5;112;0;XXX;x
41;133;114;64;XXX;x
42;6;116;128;XXX;x#West Mexico
43;134;118;192;XXX;x
44;6;120;255;XXX;x
45;134;122;0;XXX;x
46;6;124;64;XXX;x
47;134;126;128;XXX;x
48;6;128;192;XXX;x
49;135;130;255;XXX;x
50;7;132;0;XXX;x
51;135;134;64;XXX;x
52;7;136;128;XXX;x
53;135;138;192;XXX;x
54;7;140;255;XXX;x
55;135;142;0;XXX;x
56;8;144;64;XXX;x
57;136;146;128;XXX;x
58;8;148;192;XXX;x
59;136;150;255;XXX;x
60;8;152;0;XXX;x
61;136;154;64;XXX;x
62;8;156;128;XXX;x
63;137;158;192;XXX;x
64;9;32;255;XXX;x
65;137;34;0;XXX;x
66;9;36;64;XXX;x
67;137;38;128;XXX;x
68;9;40;192;XXX;x
69;137;42;255;XXX;x
70;10;44;0;XXX;x
71;138;46;64;XXX;x
72;10;48;128;XXX;x
73;138;50;192;XXX;x
74;10;52;255;XXX;x
75;138;54;0;XXX;x
76;10;56;64;XXX;x
77;139;58;128;XXX;x
78;11;60;192;XXX;x
79;139;62;255;XXX;x
80;11;64;0;XXX;x
81;139;66;64;XXX;x
82;11;68;128;XXX;x
83;139;70;192;XXX;x
84;12;72;255;XXX;x
85;140;74;0;XXX;x
86;12;76;64;XXX;x
87;140;78;128;XXX;x
88;12;80;192;XXX;x
89;140;82;255;XXX;x
90;12;84;0;XXX;x
91;141;86;64;XXX;x
92;13;88;128;XXX;x
93;141;90;192;XXX;x
94;13;92;255;XXX;x
95;141;94;0;XXX;x
96;13;96;64;XXX;x
97;141;98;128;XXX;x
98;14;100;192;XXX;x
99;142;102;255;XXX;x
100;14;104;0;XXX;x
101;142;106;64;XXX;x
102;14;108;128;XXX;x
103;85;80;32;XXX;x
104;14;112;255;XXX;x
105;143;114;0;XXX;x
106;15;116;64;XXX;x
107;143;110;128;XXX;x
108;15;120;192;XXX;x
109;143;122;255;XXX;x
110;15;124;0;XXX;x
111;143;126;64;XXX;x
112;16;128;128;XXX;x
113;144;130;192;XXX;x
114;16;132;255;XXX;x
115;144;134;0;XXX;x
116;16;136;64;XXX;x
117;144;138;128;XXX;x
118;16;140;192;XXX;x
119;145;142;255;XXX;x
120;17;144;0;XXX;x
121;145;146;64;XXX;x
122;17;148;128;XXX;x
123;145;150;192;XXX;x
124;17;152;255;XXX;x
125;145;154;0;XXX;x
126;18;156;64;XXX;x
127;146;158;128;XXX;x
128;18;32;192;XXX;x
129;146;34;255;XXX;x
130;18;36;0;XXX;x
131;146;38;64;XXX;x
132;18;40;128;XXX;x
133;147;42;192;XXX;x
134;19;44;255;XXX;x
135;147;46;0;XXX;x
136;19;48;64;XXX;x
137;147;50;128;XXX;x
138;19;52;192;XXX;x
139;147;54;255;XXX;x
140;20;56;0;XXX;x
141;148;58;64;XXX;x
142;20;60;128;XXX;x
143;148;62;192;XXX;x
144;20;64;255;XXX;x
145;148;66;0;XXX;x
146;20;68;64;XXX;x
147;149;70;128;XXX;x
148;21;72;192;XXX;x
149;149;74;255;XXX;x
150;21;76;0;XXX;x
151;149;78;64;XXX;x
152;21;80;128;XXX;x
153;149;82;192;XXX;x
154;22;84;255;XXX;x
155;150;86;0;XXX;x
156;22;88;64;XXX;x
157;150;90;128;XXX;x
158;22;92;192;XXX;x
159;150;94;255;XXX;x
160;22;96;0;XXX;x
161;151;98;64;XXX;x
162;23;100;128;XXX;x
163;151;102;192;XXX;x
164;23;104;255;XXX;x
165;151;106;0;XXX;x
166;23;108;64;XXX;x
167;151;110;128;XXX;x
168;24;112;192;XXX;x
169;152;114;255;XXX;x
170;24;116;0;XXX;x
171;152;118;64;XXX;x
172;24;120;128;XXX;x
173;152;122;192;XXX;x
174;24;124;255;XXX;x
175;153;126;0;XXX;x
176;25;128;64;XXX;x
177;153;130;128;XXX;x
178;25;132;192;XXX;x
179;153;134;255;XXX;x
180;25;136;0;XXX;x
181;153;138;64;XXX;x
182;26;140;128;XXX;x
183;154;142;192;XXX;x#Part of Far West Mexico
184;26;144;255;XXX;x
185;156;146;0;XXX;x
186;26;148;64;XXX;x
187;154;150;128;XXX;x
188;26;152;192;XXX;x
189;155;154;255;XXX;x
190;27;156;0;XXX;x
191;155;158;64;XXX;x
192;27;32;128;XXX;x
193;155;34;192;XXX;x #This province doesn't exist accidentally, i'll have to add it somewhere sometime
194;27;36;255;XXX;x
195;155;38;0;XXX;x
196;28;40;64;XXX;x
197;156;42;128;XXX;x#Part of Central Mexico
198;28;44;192;XXX;x
199;156;46;255;XXX;x
200;28;248;0;XXX;x
201;156;50;64;XXX;x
202;28;52;128;XXX;x
203;157;54;192;XXX;x
204;29;56;255;XXX;x
205;157;58;0;XXX;x
206;29;60;64;XXX;x
207;157;62;128;XXX;x
208;29;64;192;XXX;x
209;157;66;255;XXX;x
210;30;68;0;XXX;x
211;158;70;64;XXX;x
212;30;72;128;XXX;x
213;158;74;192;XXX;x
214;30;76;255;XXX;x
215;158;78;0;XXX;x
216;30;80;64;XXX;x
217;159;82;128;XXX;x
218;31;84;192;XXX;x
219;159;86;255;XXX;x
220;31;88;0;XXX;x
221;159;90;64;XXX;x
222;31;92;128;XXX;x
223;159;94;192;XXX;x
224;32;96;255;XXX;x
225;160;89;0;XXX;x
226;32;100;64;XXX;x
227;160;102;128;XXX;x
228;32;104;192;XXX;x
229;160;106;255;XXX;x
230;32;108;0;XXX;x
231;161;110;64;XXX;x
232;33;112;128;XXX;x
233;161;114;192;XXX;x
234;33;116;255;XXX;x
235;161;118;0;XXX;x
236;33;120;64;XXX;x
237;161;122;128;XXX;x
238;34;124;192;XXX;x
239;162;126;255;XXX;x
240;34;128;0;XXX;x
241;162;130;64;XXX;x
242;34;132;128;XXX;x
243;162;134;192;XXX;x
244;34;136;255;XXX;x
245;163;137;0;XXX;x
246;35;140;64;XXX;x
247;163;142;128;XXX;x
248;35;144;192;XXX;x
249;163;146;255;XXX;x
250;35;148;0;XXX;x
251;163;150;64;XXX;x
252;36;152;128;XXX;x
253;164;154;192;XXX;x
254;36;156;255;XXX;x
255;164;158;0;XXX;x
256;36;32;64;XXX;x
257;164;34;128;XXX;x
258;36;36;192;XXX;x
259;165;38;255;XXX;x
260;37;40;0;XXX;x
261;165;42;64;XXX;x
262;37;44;128;XXX;x
263;165;46;192;XXX;x
264;37;48;255;XXX;x
265;165;50;0;XXX;x
266;38;52;64;XXX;x
267;166;54;128;XXX;x
268;38;56;192;XXX;x
269;166;58;255;XXX;x
270;38;60;0;XXX;x
271;166;62;64;XXX;x
272;38;64;128;XXX;x
273;167;66;192;XXX;x
274;39;68;255;XXX;x
275;167;70;0;XXX;x
276;39;72;64;XXX;x
277;167;74;120;XXX;x
278;39;76;192;XXX;x
279;167;78;255;XXX;x
280;40;80;0;XXX;x
281;168;82;64;XXX;x
282;40;84;128;XXX;x
283;168;86;192;XXX;x
284;40;88;255;XXX;x
285;168;90;0;XXX;x
286;40;92;64;XXX;x
287;169;94;128;XXX;x
288;41;96;192;XXX;x
289;169;98;255;XXX;x
290;41;100;0;XXX;x
291;169;102;64;XXX;x
292;41;104;128;XXX;x
293;169;106;192;XXX;x
294;42;108;255;XXX;x
295;170;110;0;XXX;x
296;42;112;64;XXX;x
297;170;114;128;XXX;x
298;42;116;192;XXX;x
299;170;118;255;XXX;x
300;42;120;0;XXX;x
301;171;122;64;XXX;x
302;43;124;128;XXX;x
303;171;126;192;XXX;x
304;43;128;255;XXX;x
305;171;130;0;XXX;x
306;43;132;64;XXX;x
307;171;134;128;XXX;x
308;44;136;192;XXX;x
309;172;138;255;XXX;x
310;44;140;0;XXX;x
311;172;142;64;XXX;x
312;44;144;128;XXX;x
313;72;0;240;XXX;x
314;44;148;255;XXX;x
315;173;150;0;XXX;x
316;45;152;64;XXX;x
317;173;154;128;XXX;x
318;45;156;192;XXX;x
319;173;158;255;XXX;x
320;45;32;0;XXX;x
321;173;34;64;XXX;x
322;46;36;128;XXX;x
323;174;38;192;XXX;x
324;46;40;255;XXX;x
325;174;42;0;XXX;x
326;46;44;64;XXX;x
327;174;46;128;XXX;x
328;46;48;192;XXX;x
329;175;50;255;XXX;x
330;47;52;0;XXX;x
331;175;54;64;XXX;x
332;47;56;128;XXX;x
333;175;58;192;XXX;x
334;47;60;255;XXX;x
335;175;62;0;XXX;x
336;48;244;64;XXX;x
337;176;66;128;XXX;x
338;48;68;192;XXX;x
339;176;70;255;XXX;x
340;48;72;0;XXX;x
341;176;74;64;XXX;x
342;48;76;128;XXX;x
343;177;78;192;XXX;x
344;49;80;255;XXX;x
345;177;82;0;XXX;x
346;49;84;64;XXX;x
347;177;86;128;XXX;x
348;49;88;192;XXX;x #Doesn't exist either
349;177;90;255;XXX;x
350;50;92;0;XXX;x
351;178;94;64;XXX;x
352;50;96;128;XXX;x
353;178;98;192;XXX;x
354;50;100;255;XXX;x
355;178;102;0;XXX;x
356;50;104;64;XXX;x
357;179;106;128;XXX;x
358;51;108;192;XXX;x
359;179;110;255;XXX;x
360;51;112;0;XXX;x
361;179;114;64;XXX;x
362;51;116;128;XXX;x
363;179;118;192;XXX;x
364;52;120;255;XXX;x
365;180;122;0;XXX;x
366;52;124;64;XXX;x
367;180;126;128;XXX;x
368;52;128;192;XXX;x
369;180;130;255;XXX;x
370;52;132;0;XXX;x
371;181;134;64;XXX;x
372;53;136;128;XXX;x
373;181;138;192;XXX;x
374;53;140;255;XXX;x
375;181;142;0;XXX;x
376;53;144;64;XXX;x
377;181;146;128;XXX;x
378;54;148;192;XXX;x
379;182;150;255;XXX;x
380;54;152;0;XXX;x
381;182;154;64;XXX;x
382;54;156;128;XXX;x
383;182;158;192;XXX;x
384;54;32;255;XXX;x
385;183;34;0;XXX;x
386;55;36;64;XXX;x
387;183;38;128;XXX;x
388;55;40;192;XXX;x
389;183;42;255;XXX;x
390;55;44;0;XXX;x
391;183;46;64;XXX;x
392;56;48;128;XXX;x
393;184;50;192;XXX;x
394;56;52;255;XXX;x
395;184;54;0;XXX;x
396;56;56;64;XXX;x
397;184;58;128;XXX;x
398;56;60;192;XXX;x
399;185;62;255;XXX;x
400;57;64;0;XXX;x
401;185;66;64;XXX;x
402;57;68;128;XXX;x
403;185;70;192;XXX;x
404;57;72;255;XXX;x
405;185;74;0;XXX;x
406;58;76;64;XXX;x
407;186;78;128;XXX;x
408;58;80;192;XXX;x
409;186;82;255;XXX;x
410;58;84;0;XXX;x
411;186;86;64;XXX;x
412;58;88;128;XXX;x
413;187;90;192;XXX;x
414;59;92;255;XXX;x
415;187;94;0;XXX;x
416;59;96;64;XXX;x
417;187;98;128;XXX;x
418;59;100;192;XXX;x
419;187;102;255;XXX;x
420;60;140;0;XXX;x
421;188;106;64;XXX;x
422;60;108;128;XXX;x
423;188;110;192;XXX;x
424;60;112;255;XXX;x
425;188;114;0;XXX;x
426;60;116;64;XXX;x
427;189;118;128;XXX;x
428;61;120;192;XXX;x
429;189;122;255;XXX;x
430;61;124;0;XXX;x
431;189;126;64;XXX;x
432;61;128;128;XXX;x
433;189;130;192;XXX;x
434;62;132;255;XXX;x
435;190;134;0;XXX;x
436;62;136;64;XXX;x
437;190;138;128;XXX;x
438;62;140;192;XXX;x
439;190;142;255;XXX;x
440;62;144;0;XXX;x
441;191;146;64;XXX;x
442;63;148;128;XXX;x
443;191;150;192;XXX;x
444;63;152;255;XXX;x
445;191;154;0;XXX;x
446;63;156;64;XXX;x
447;191;158;128;XXX;x
448;64;32;192;XXX;x
449;192;34;255;XXX;x
450;64;36;0;XXX;x
451;192;38;64;XXX;x
452;64;40;128;XXX;x
453;192;42;192;XXX;x
454;64;44;255;XXX;x
455;193;46;0;XXX;x
456;65;48;64;XXX;x
457;193;50;128;XXX;x
458;65;52;192;XXX;x
459;193;54;255;XXX;x
460;65;56;0;XXX;x
461;193;58;64;XXX;x
462;66;60;128;XXX;x
463;194;62;192;XXX;x
464;66;64;255;XXX;x
465;194;66;0;XXX;x
466;66;68;64;XXX;x
467;194;70;128;XXX;x
468;66;72;192;XXX;x
469;195;74;255;XXX;x
470;67;76;0;XXX;x
471;195;78;64;XXX;x
472;67;80;128;XXX;x
473;195;82;192;XXX;x
474;67;84;255;XXX;x
475;195;86;0;XXX;x
476;68;88;64;XXX;x
477;196;90;128;XXX;x
478;68;92;192;XXX;x
479;196;94;255;XXX;x
480;68;96;0;XXX;x
481;196;98;64;XXX;x
482;68;100;128;XXX;x
483;197;102;192;XXX;x
484;69;104;255;XXX;x
485;197;106;0;XXX;x
486;69;108;64;XXX;x
487;197;110;128;XXX;x
488;69;112;192;XXX;x
489;197;114;255;XXX;x
490;70;116;0;XXX;x
491;198;118;64;XXX;x
492;70;120;128;XXX;x
493;198;122;192;XXX;x
494;70;124;255;XXX;x
495;198;126;0;XXX;x
496;70;128;64;XXX;x
497;199;130;128;XXX;x
498;71;132;192;XXX;x
499;199;134;255;XXX;x
500;71;136;0;XXX;x
501;199;138;64;XXX;x
502;71;140;128;XXX;x
503;199;142;192;XXX;x
504;72;144;255;XXX;x
505;200;146;0;XXX;x
506;72;148;64;XXX;x
507;200;150;128;XXX;x
508;72;152;192;XXX;x
509;200;154;255;XXX;x
510;72;156;0;XXX;x
511;201;158;64;XXX;x
512;73;32;128;XXX;x
513;201;34;192;XXX;x
514;73;36;255;XXX;x
515;201;38;0;XXX;x
516;73;40;64;XXX;x
517;201;42;128;XXX;x
518;74;44;192;XXX;x
519;202;46;255;XXX;x
520;74;48;0;XXX;x
521;202;50;64;XXX;x
522;74;52;128;XXX;x
523;202;54;192;XXX;x
524;74;56;255;XXX;x
525;203;58;0;XXX;x
526;75;60;64;XXX;x
527;203;62;128;XXX;x
528;75;64;192;XXX;x
529;203;66;255;XXX;x
530;75;68;0;XXX;x
531;203;70;64;XXX;x
532;76;72;128;XXX;x
533;204;74;192;XXX;x
534;76;76;255;XXX;x
535;204;78;0;XXX;x
536;76;80;64;XXX;x
537;204;82;128;XXX;x
538;76;84;192;XXX;x
539;205;86;255;XXX;x
540;77;88;0;XXX;x
541;205;90;64;XXX;x
542;77;92;128;XXX;x
543;205;94;192;XXX;x
544;77;96;255;XXX;x
545;205;98;0;XXX;x
546;78;100;64;XXX;x
547;206;102;128;XXX;x
548;78;104;192;XXX;x
549;206;106;255;XXX;x
550;78;108;0;XXX;x #Doesn't exist
551;206;110;64;XXX;x
552;78;112;128;XXX;x
553;207;114;192;XXX;x
554;79;116;255;XXX;x
555;207;118;0;XXX;x
556;79;120;64;XXX;x
557;207;122;128;XXX;x
558;79;124;192;XXX;x
559;207;126;255;XXX;x
560;80;128;0;XXX;x
561;208;130;64;XXX;x
562;80;132;128;XXX;x
563;208;134;192;XXX;x
564;80;136;255;XXX;x
565;208;138;0;XXX;x
566;80;140;64;XXX;x
567;209;142;128;XXX;x
568;81;144;192;XXX;x
569;209;146;255;XXX;x
570;81;148;0;XXX;x
571;209;150;64;XXX;x
572;81;152;128;XXX;x
573;209;154;192;XXX;x
574;82;156;255;XXX;x
575;210;158;0;XXX;x
576;82;32;64;XXX;x
577;210;34;128;XXX;x
578;82;36;192;XXX;x
579;210;38;255;XXX;x
580;82;40;0;XXX;x
581;211;42;64;XXX;x
582;83;44;128;XXX;x
583;211;46;192;XXX;x
584;83;48;255;XXX;x
585;211;50;0;XXX;x
586;83;52;64;XXX;x
587;211;54;128;XXX;x
588;84;56;192;XXX;x
589;212;58;255;XXX;x
590;84;60;0;XXX;x
591;212;62;64;XXX;x
592;84;64;128;XXX;x
593;212;66;192;XXX;x
594;84;68;255;XXX;x
595;213;70;0;XXX;x
596;85;72;64;XXX;x
597;213;74;128;XXX;x
598;85;76;192;XXX;x
599;213;78;255;XXX;x
600;85;80;0;XXX;x
601;213;82;64;XXX;x
602;86;84;128;XXX;x
603;214;86;192;XXX;x
604;86;88;255;XXX;x
605;214;90;0;XXX;x
606;86;92;64;XXX;x
607;214;94;128;XXX;x
608;86;96;192;XXX;x
609;215;98;255;XXX;x
610;87;100;0;XXX;x
611;215;102;64;XXX;x
612;87;104;128;XXX;x
613;215;106;192;XXX;x
614;87;108;255;XXX;x
615;215;110;0;XXX;x
616;88;112;64;XXX;x
617;216;114;128;XXX;x
618;88;116;192;XXX;x
619;216;118;255;XXX;x
620;88;120;0;XXX;x
621;216;122;64;XXX;x
622;88;124;128;XXX;x
623;217;126;192;XXX;x
624;89;128;255;XXX;x
625;217;130;0;XXX;x
626;89;132;64;XXX;x
627;217;134;128;XXX;x
628;89;136;192;XXX;x
629;217;138;255;XXX;x
630;90;140;0;XXX;x
631;218;142;64;XXX;x
632;90;144;128;XXX;x
633;218;146;192;XXX;x
634;90;148;255;XXX;x
635;218;150;0;XXX;x
636;90;152;64;XXX;x
637;219;154;128;XXX;x
638;91;156;192;XXX;x
639;219;158;255;XXX;x
640;91;32;0;XXX;x
641;219;34;64;XXX;x
642;91;36;128;XXX;x
643;219;38;192;XXX;x
644;92;40;255;XXX;x
645;220;42;0;XXX;x
646;92;44;64;XXX;x
647;220;46;128;XXX;x
648;92;48;192;XXX;x
649;220;50;255;XXX;x
650;92;52;0;XXX;x
651;221;54;64;XXX;x
652;93;56;128;XXX;x
653;221;58;192;XXX;x
654;93;60;255;XXX;x
655;221;62;0;XXX;x
656;93;64;64;XXX;x
657;221;66;128;XXX;x#Part of Highlands
658;94;68;192;XXX;x
659;222;70;255;XXX;x
660;94;72;0;XXX;x
661;222;74;64;XXX;x
662;94;76;128;XXX;x
663;222;78;192;XXX;x
664;94;80;255;XXX;x
665;223;82;0;XXX;x
666;95;84;64;XXX;x
667;223;86;128;XXX;x
668;95;88;192;XXX;x
669;223;90;255;XXX;x
670;95;92;0;XXX;x
671;223;94;64;XXX;x
672;96;96;128;XXX;x
673;224;98;192;XXX;x
674;96;100;255;XXX;x
675;224;102;0;XXX;x
676;96;104;64;XXX;x
677;224;106;128;XXX;x
678;96;108;192;XXX;x
679;225;110;255;XXX;x
680;97;112;0;XXX;x
681;225;114;64;XXX;x
682;97;116;128;XXX;x
683;225;118;192;XXX;x
684;97;120;255;XXX;x
685;225;122;0;XXX;x
686;98;124;64;XXX;x
687;226;126;128;XXX;x
688;98;128;192;XXX;x#Part of Central Mexico
689;226;130;255;XXX;x
690;98;132;0;XXX;x
691;226;134;64;XXX;x
692;98;136;128;XXX;x
693;227;138;192;XXX;x
694;99;140;255;XXX;x
695;227;142;0;XXX;x
696;99;144;64;XXX;x
697;227;146;128;XXX;x
698;99;148;192;XXX;x
699;227;150;255;XXX;x
700;100;152;0;XXX;x
701;228;154;64;XXX;x
702;100;156;128;XXX;x
703;228;158;192;XXX;x
704;100;32;255;XXX;x
705;228;34;0;XXX;x
706;100;36;64;XXX;x
707;229;38;128;XXX;x
708;101;40;192;XXX;x
709;229;42;255;XXX;x
710;101;44;0;XXX;x
711;229;46;64;XXX;x
712;101;48;128;XXX;x
713;229;50;192;XXX;x
714;102;52;255;XXX;x
715;230;54;0;XXX;x
716;102;56;64;XXX;x
717;230;58;128;XXX;x
718;102;60;192;XXX;x
719;230;62;255;XXX;x
720;102;64;0;XXX;x
721;231;66;64;XXX;x
722;103;68;128;XXX;x
723;231;70;192;XXX;x
724;103;72;255;XXX;x
725;231;74;0;XXX;x
726;103;76;64;XXX;x
727;231;78;128;XXX;x
728;104;80;192;XXX;x
729;232;82;255;XXX;x
730;104;84;0;XXX;x
731;232;86;64;XXX;x
732;104;88;128;XXX;x
733;232;90;192;XXX;x
734;104;92;255;XXX;x
735;153;134;173;XXX;x
736;105;96;64;XXX;x
737;233;98;128;XXX;x
738;105;100;192;XXX;x
739;233;102;255;XXX;x
740;105;104;0;XXX;x
741;233;106;64;XXX;x
742;106;108;128;XXX;x
743;234;110;192;XXX;x
744;106;112;255;XXX;x
745;234;114;0;XXX;x
746;106;116;64;XXX;x
747;234;118;128;XXX;x
748;106;120;192;XXX;x
749;235;122;255;XXX;x
750;107;124;0;XXX;x
751;235;126;64;XXX;x
752;107;128;128;XXX;x
753;235;130;192;XXX;x
754;107;132;255;XXX;x
755;235;134;0;XXX;x
756;108;136;64;XXX;x
757;236;138;128;XXX;x
758;108;140;192;XXX;x
759;236;142;255;XXX;x
760;108;144;0;XXX;x
761;236;146;64;XXX;x
762;108;148;128;XXX;x
763;237;150;192;XXX;x
764;109;152;255;XXX;x
765;237;154;0;XXX;x
766;109;156;64;XXX;x
767;237;158;128;XXX;x
768;109;32;192;XXX;x
769;237;34;255;XXX;x
770;110;36;0;XXX;x
771;238;38;64;XXX;x
772;110;40;128;XXX;x
773;238;42;192;XXX;x
774;110;44;255;XXX;x
775;238;46;9;XXX;x
776;110;48;64;XXX;x
777;239;50;128;XXX;x
778;111;52;192;XXX;x
779;239;54;255;XXX;x
780;111;56;0;XXX;x
781;239;58;64;XXX;x
782;111;60;128;XXX;x
783;239;62;192;XXX;x
784;112;64;255;XXX;x
785;240;66;0;XXX;x
786;112;68;64;XXX;x
787;240;70;128;XXX;x
788;112;72;192;XXX;x
789;240;74;255;XXX;x
790;112;76;0;XXX;x
791;241;78;64;XXX;x
792;113;80;128;XXX;x
793;241;82;192;XXX;x
794;113;84;255;XXX;x
795;241;86;0;XXX;x
796;113;88;64;XXX;x
797;241;90;128;XXX;x
798;215;191;212;XXX;
799;242;94;255;XXX;x
800;114;96;0;XXX;x
801;242;98;64;XXX;x
802;114;100;128;XXX;x
803;242;102;192;XXX;x
804;114;104;255;XXX;x
805;243;106;0;XXX;x
806;115;108;64;XXX;x#Tututepec
807;243;110;128;XXX;x
808;115;112;192;XXX;x
809;243;114;255;XXX;x
810;115;116;0;XXX;x
811;243;118;64;XXX;x
812;116;120;128;XXX;x
813;244;122;192;XXX;x
814;116;124;255;XXX;x
815;244;126;0;XXX;x
816;116;128;64;XXX;x
817;244;130;128;XXX;x
818;116;132;192;XXX;x
819;245;134;255;XXX;x
820;117;136;0;XXX;x
821;245;138;64;XXX;x
822;117;140;128;XXX;x
823;245;142;192;XXX;x
824;117;144;255;XXX;x
825;245;146;0;XXX;x
826;118;148;64;XXX;x
827;246;150;128;XXX;x
828;118;152;192;XXX;x
829;246;154;255;XXX;x
830;118;156;0;XXX;x
831;246;158;64;XXX;x
832;118;32;128;XXX;x
833;247;34;192;XXX;x
834;119;36;255;XXX;x
835;128;34;79;XXX;x
836;0;36;126;XXX;x#Part of Oaxaca
837;128;38;173;XXX;x
838;0;40;32;XXX;x
839;128;42;79;XXX;x
840;0;44;126;XXX;x
841;129;46;173;XXX;x
842;1;48;32;XXX;x
843;129;50;79;XXX;x
844;1;52;126;XXX;x
845;129;54;173;XXX;x
846;1;56;32;XXX;x
847;129;58;79;XXX;x
848;2;60;126;XXX;x
849;130;62;173;XXX;x
850;2;64;32;XXX;x
851;130;66;79;XXX;x
852;2;68;126;XXX;x
853;130;70;173;XXX;x
854;2;72;32;XXX;x
855;131;74;79;XXX;x
856;3;76;126;XXX;x
857;131;78;173;XXX;x
858;3;80;32;XXX;x
859;131;82;79;XXX;x
860;3;84;126;XXX;x
861;131;86;173;XXX;x
862;4;88;32;XXX;x
863;132;90;79;XXX;x
864;4;92;126;XXX;x
865;132;94;173;XXX;x
866;4;96;32;XXX;x
867;132;98;79;XXX;x
868;4;100;126;XXX;x
869;133;102;173;XXX;x
870;5;104;32;XXX;x
871;133;106;79;XXX;x
872;5;108;126;XXX;x
873;133;110;173;XXX;x
874;5;112;32;XXX;x
875;133;114;79;XXX;x
876;6;116;126;XXX;x
877;134;118;173;XXX;x
878;6;120;32;XXX;x
879;134;122;79;XXX;x
880;6;124;126;XXX;x
881;134;126;173;XXX;x
882;6;128;32;XXX;x
883;135;130;79;XXX;x
884;7;132;126;XXX;x
885;135;134;173;XXX;x
886;7;136;32;XXX;x
887;135;138;79;XXX;x
888;7;140;126;XXX;x
889;135;142;173;XXX;x
890;8;144;32;XXX;x
891;136;146;79;XXX;x
892;8;148;126;XXX;x
893;136;150;173;XXX;x
894;8;152;32;XXX;x#Part of Isthmus
895;136;154;79;XXX;x
896;8;156;126;XXX;x
897;137;158;173;XXX;x
898;9;32;32;XXX;x
899;137;34;79;XXX;x
900;9;36;126;XXX;x
901;137;38;173;XXX;x
902;9;40;32;XXX;x#Part of Highlands
903;137;42;79;XXX;x
904;10;44;126;XXX;x
905;138;46;173;XXX;x
906;10;48;32;XXX;x
907;138;50;79;XXX;x
908;10;52;126;XXX;x
909;138;54;173;XXX;x
910;10;56;32;XXX;x
911;139;58;79;XXX;x
912;11;60;126;XXX;x
913;139;62;173;XXX;x
914;11;64;32;XXX;x
915;139;66;79;XXX;x
916;11;68;126;XXX;x
917;139;70;173;XXX;x
918;12;72;32;XXX;x
919;140;74;79;XXX;x
920;12;76;126;XXX;x
921;140;78;173;XXX;x
922;12;80;32;XXX;x
923;140;82;79;XXX;x
924;12;84;126;XXX;x
925;141;86;173;XXX;x
926;13;88;32;XXX;x
927;141;90;79;XXX;x
928;13;92;126;XXX;x
929;141;94;173;XXX;x
930;13;96;32;XXX;x
931;141;98;79;XXX;x
932;14;100;126;XXX;x
933;142;102;173;XXX;x
934;14;104;32;XXX;x
935;142;106;79;XXX;x
936;14;108;126;XXX;x
937;142;110;173;XXX;x
938;14;112;32;XXX;x
939;143;114;79;XXX;x
940;15;116;126;XXX;x
941;143;118;173;XXX;x
942;15;120;32;XXX;x
943;143;122;79;XXX;x
944;15;124;126;XXX;x
945;143;126;173;XXX;x
946;16;128;32;XXX;x
947;144;130;79;XXX;x
948;16;132;126;XXX;x
949;144;134;173;XXX;x
950;16;136;32;XXX;x
951;144;138;79;XXX;x
952;16;140;126;XXX;x
953;145;142;173;XXX;x
954;17;144;32;XXX;x #I DON'T EXIST
955;145;146;79;XXX;x
956;17;148;126;XXX;x
957;145;150;173;XXX;x
958;17;152;32;XXX;x
959;145;154;79;XXX;x
960;18;156;126;XXX;x
961;146;158;173;XXX;x
962;18;32;32;XXX;x
963;146;34;79;XXX;x
964;18;36;126;XXX;x
965;146;38;173;XXX;x
966;18;40;32;XXX;x
967;147;42;79;XXX;x
968;19;44;126;XXX;x
969;147;46;173;XXX;x
970;19;48;32;XXX;x
971;147;50;79;XXX;x
972;19;52;126;XXX;x
973;147;54;173;XXX;x
974;20;56;32;XXX;x
975;148;58;79;XXX;x
976;20;60;126;XXX;x
977;148;62;173;XXX;x
978;20;64;32;XXX;x
979;148;66;79;XXX;x
980;20;68;126;XXX;x
981;149;70;173;XXX;x
982;21;72;32;XXX;x
983;149;74;79;XXX;x
984;21;76;126;XXX;x
985;149;78;173;XXX;x
986;21;80;32;XXX;x
987;149;82;79;XXX;x
988;22;84;126;XXX;x
989;150;86;173;XXX;x
990;22;88;32;XXX;x
991;150;90;79;XXX;x
992;22;92;126;XXX;x
993;150;94;173;XXX;x
994;22;96;32;XXX;x
995;151;98;79;XXX;x
996;23;100;126;XXX;x
997;151;102;173;XXX;x
998;23;104;32;XXX;x
999;151;106;79;XXX;x
1000;23;108;126;XXX;x
1001;151;110;173;XXX;x
1002;24;112;32;XXX;x
1003;152;114;79;XXX;x
1004;24;116;126;XXX;x
1005;152;118;173;XXX;x
1006;24;120;32;XXX;x
1007;152;122;79;XXX;x
1008;24;124;126;XXX;x
1009;153;126;173;XXX;x
1010;25;128;32;XXX;x
1011;153;130;79;XXX;x
1012;25;132;126;XXX;x
1013;233;94;0;XXX;x
1014;25;136;32;XXX;x
1015;153;138;79;XXX;x
1016;26;140;126;XXX;x
1017;154;142;173;XXX;x
1018;26;144;32;XXX;x #Double of 
1019;154;146;79;XXX;x
1020;26;148;126;XXX;x
1021;154;150;173;XXX;x
1022;26;152;32;XXX;x
1023;155;154;79;XXX;x
1024;27;156;126;XXX;x
1025;155;158;173;XXX;x
1026;27;32;32;XXX;x
1027;155;34;79;XXX;x
1028;27;36;126;XXX;x
1029;155;38;173;XXX;x
1030;28;40;32;XXX;x
1031;156;42;79;XXX;x
1032;28;44;126;XXX;x
1033;156;46;173;XXX;x
1034;28;48;32;XXX;x
1035;156;50;79;XXX;x
1036;28;52;126;XXX;x
1037;157;54;173;XXX;x
1038;29;56;32;XXX;x
1039;157;58;79;XXX;x
1040;29;254;126;XXX;x
1041;157;62;173;XXX;x
1042;29;64;32;XXX;x
1043;157;66;79;XXX;x
1044;30;68;126;XXX;x
1045;158;70;173;XXX;x
1046;30;243;32;XXX;x
1047;158;174;79;XXX;x
1048;30;76;126;XXX;x
1049;158;78;173;XXX;x
1050;30;80;32;XXX;x
1051;159;82;79;XXX;x
1052;31;84;126;XXX;x
1053;159;86;173;XXX;x
1054;31;88;32;XXX;x
1055;159;90;79;XXX;x
1056;31;92;126;XXX;x
1057;159;94;173;XXX;x
1058;32;96;32;XXX;x
1059;160;98;79;XXX;x
1060;32;100;126;XXX;x
1061;160;102;173;XXX;x
1062;32;104;32;XXX;x
1063;160;106;79;XXX;x
1064;32;108;126;XXX;x
1065;161;110;173;XXX;x
1066;33;112;32;XXX;x
1067;161;114;79;XXX;x
1068;33;116;126;XXX;x
1069;161;118;173;XXX;x
1070;33;120;32;XXX;x
1071;161;122;79;XXX;x
1072;34;124;126;XXX;x
1073;162;226;173;XXX;x
1074;34;228;32;XXX;x
1075;162;130;79;XXX;x
1076;34;132;126;XXX;x
1077;162;134;173;XXX;x
1078;34;136;32;XXX;x
1079;163;138;79;XXX;x
1080;35;140;126;XXX;x
1081;163;142;173;XXX;x
1082;35;144;32;XXX;x
1083;163;146;79;XXX;x
1084;35;148;126;XXX;x
1085;163;150;173;XXX;x
1086;36;152;32;XXX;x
1087;164;154;79;XXX;x
1088;36;156;126;XXX;x
1089;164;158;173;XXX;x
1090;36;232;32;XXX;x#Yucatan
1091;164;34;79;XXX;x
1092;36;36;126;XXX;x
1093;165;38;173;XXX;x
1094;37;240;32;XXX;x
1095;165;42;79;XXX;x
1096;37;44;126;XXX;x
1097;165;46;173;XXX;x
1098;37;248;32;XXX;x
1099;165;50;70;XXX;x
1100;38;52;126;XXX;x
1101;166;54;173;XXX;x
1102;38;247;32;XXX;x
1103;166;58;79;XXX;x
1104;38;60;126;XXX;x
1105;166;62;173;XXX;x
1106;38;164;32;XXX;x
1107;167;66;79;XXX;x
1108;39;68;126;XXX;x
1109;167;70;173;XXX;x
1110;39;72;32;XXX;x
1111;167;74;79;XXX;x
1112;39;76;126;XXX;x
1113;167;78;173;XXX;x
1114;40;80;32;XXX;x
1115;168;82;79;XXX;x
1116;40;84;126;XXX;x
1117;168;86;173;XXX;x
1118;40;88;32;XXX;x
1119;168;90;79;XXX;x
1120;40;92;126;XXX;x
1121;169;94;173;XXX;x
1122;41;96;32;XXX;x
1123;169;98;79;XXX;x
1124;41;100;126;XXX;x
1125;169;102;173;XXX;x
1126;41;104;32;XXX;x
1127;169;106;79;XXX;x
1128;42;108;126;XXX;x
1129;170;110;173;XXX;x
1130;42;112;32;XXX;x
1131;170;114;79;XXX;x
1132;42;116;126;XXX;x
1133;170;118;173;XXX;x
1134;42;120;32;XXX;x
1135;171;122;79;XXX;x
1136;43;124;126;XXX;x
1137;171;126;173;XXX;x
1138;43;128;32;XXX;x
1139;171;130;79;XXX;x
1140;43;132;126;XXX;x
1141;171;134;173;XXX;x
1142;44;136;32;XXX;x
1143;172;138;79;XXX;x
1144;44;140;126;XXX;x
1145;172;142;173;XXX;x
1146;44;144;32;XXX;x
1147;172;146;79;XXX;x
1148;44;148;126;XXX;x
1149;173;150;173;XXX;x
1150;45;152;32;XXX;x
1151;173;154;79;XXX;x
1152;45;156;126;XXX;x
1153;173;158;173;XXX;x
1154;45;32;32;XXX;x
1155;173;34;79;XXX;x
1156;46;36;126;XXX;x
1157;174;38;173;XXX;x
1158;46;40;32;XXX;x
1159;174;42;79;XXX;x
1160;46;44;126;XXX;x
1161;174;246;173;XXX;x
1162;46;48;32;XXX;x
1163;175;50;79;XXX;x
1164;47;52;126;XXX;x
1165;175;54;173;XXX;x
1166;47;236;32;XXX;x
1167;175;58;79;XXX;x
1168;206;217;77;XXX;x
1169;175;62;173;XXX;x
1170;48;64;32;XXX;x
1171;176;66;79;XXX;x
1172;48;68;126;XXX;x
1173;176;70;173;XXX;x
1174;48;172;32;XXX;x
1175;176;74;79;XXX;x
1176;48;76;126;XXX;x
1177;177;78;173;XXX;x
1178;49;80;32;XXX;x
1179;177;82;79;XXX;x
1180;49;84;126;XXX;x
1181;177;86;173;XXX;x
1182;49;88;32;XXX;x
1183;177;90;79;XXX;x
1184;50;92;126;XXX;x
1185;178;94;173;XXX;x
1186;50;96;32;XXX;x
1187;178;98;79;XXX;x
1188;50;100;126;XXX;x
1189;178;202;173;XXX;x
1190;50;104;32;XXX;x
1191;179;106;79;XXX;x
1192;51;108;126;XXX;x
1193;179;110;173;XXX;x
1194;51;212;32;XXX;x
1195;179;114;79;XXX;x
1196;51;116;126;XXX;x
1197;179;118;173;XXX;x
1198;52;120;32;XXX;x
1199;180;122;79;XXX;x
1200;52;124;126;XXX;x
1201;180;126;173;XXX;x
1202;52;128;32;XXX;x
1203;180;130;79;XXX;x
1204;52;132;126;XXX;x
1205;181;134;173;XXX;x
1206;53;136;32;XXX;x
1207;181;138;79;XXX;x
1208;53;140;126;XXX;x
1209;181;142;173;XXX;x
1210;53;144;32;XXX;x
1211;181;146;79;XXX;x
1212;54;148;126;XXX;x
1213;182;150;173;XXX;x
1214;54;152;32;XXX;x
1215;182;154;79;XXX;x
1216;54;156;126;XXX;x
1217;182;158;173;XXX;x
1218;54;32;32;XXX;x
1219;183;34;79;XXX;x
1220;55;36;126;XXX;x
1221;183;38;173;XXX;x
1222;55;40;32;XXX;x
1223;183;42;79;XXX;x
1224;55;44;126;XXX;x
1225;183;246;173;XXX;x
1226;56;48;32;XXX;x
1227;184;50;79;XXX;x
1228;56;252;126;XXX;x
1229;184;54;173;XXX;x
1230;56;56;32;XXX;x
1231;184;58;79;XXX;x
1232;56;60;126;XXX;x
1233;185;62;173;XXX;x
1234;57;164;32;XXX;x
1235;185;66;79;XXX;x
1236;57;68;126;XXX;x
1237;185;70;173;XXX;x
1238;57;172;32;XXX;x
1239;185;74;79;XXX;x
1240;58;76;126;XXX;x
1241;186;78;173;XXX;x
1242;58;180;32;XXX;x
1243;186;82;79;XXX;x
1244;58;84;126;XXX;x
1245;186;86;173;XXX;x
1246;58;188;32;XXX;x
1247;187;90;79;XXX;x
1248;59;92;126;XXX;x
1249;187;94;173;XXX;x#Lakes and Oceans
1250;1;200;200;XXX;x
1251;2;200;250;XXX;x
1252;3;220;250;XXX;x
1253;4;250;250;XXX;x
1254;5;200;200;XXX;x
1255;6;200;250;XXX;x
1256;7;220;250;XXX;x
1257;8;250;250;XXX;x
1258;9;200;200;XXX;x
1259;10;200;250;XXX;x
1260;11;220;250;XXX;x
1261;12;250;250;XXX;x
1262;13;200;200;XXX;x
1263;14;200;250;XXX;x
1264;15;220;250;XXX;x
1265;16;250;250;XXX;x
1266;17;200;200;XXX;x
1267;18;200;250;XXX;x
1268;19;220;250;XXX;x
1269;20;250;250;XXX;x
1270;21;200;200;XXX;x
1271;22;200;250;XXX;x
1272;23;220;250;XXX;x########Start Redo Here
1273;25;200;200;XXX;x
1274;26;200;250;XXX;x
1275;27;220;250;XXX;x
1276;28;250;250;XXX;x
1277;29;200;200;XXX;x
1278;30;200;250;XXX;x
1279;31;220;250;XXX;x
1280;32;250;250;XXX;x
1281;33;200;200;XXX;x
1282;34;200;250;XXX;x
1283;35;220;250;XXX;x
1284;36;250;250;XXX;x
1285;37;200;200;XXX;x
1286;38;200;250;XXX;x
1287;39;220;250;XXX;x
1288;40;250;250;XXX;x
1289;41;200;200;XXX;x
1290;42;200;250;XXX;x
1291;43;220;250;XXX;x
1292;44;250;250;XXX;x
1293;45;200;200;XXX;x
1294;46;200;250;XXX;x
1295;47;220;250;XXX;x
1296;48;250;250;XXX;x
1297;49;200;200;XXX;x
1298;50;200;250;XXX;x
1299;51;220;250;XXX;x
1300;52;250;250;XXX;x
1301;53;200;200;XXX;x
1302;54;200;250;XXX;x
1303;55;220;250;XXX;x
1304;56;250;250;XXX;x
1305;58;200;250;XXX;x
1306;59;220;250;XXX;x
1307;60;250;250;XXX;x
1308;61;200;200;XXX;x
1309;62;200;250;XXX;x
1310;63;220;250;XXX;x
1311;64;250;250;XXX;x
1312;65;200;200;XXX;x
1313;66;200;250;XXX;x
1314;67;220;250;XXX;x
1315;68;250;250;XXX;x
1316;209;246;4;XXX;x
1317;70;200;250;XXX;x
1318;71;220;250;XXX;x
1319;72;250;250;XXX;x
1320;73;200;200;XXX;x
1321;74;200;250;XXX;x
1322;75;220;250;XXX;x
1323;76;250;250;XXX;x
1324;77;200;200;XXX;x
1325;78;200;250;XXX;x
1326;79;220;250;XXX;x
1327;80;250;250;XXX;x
1328;81;200;200;XXX;x
1329;82;200;250;XXX;x
1330;83;220;250;XXX;x
1331;84;250;250;XXX;x
1332;85;200;200;XXX;x
1333;86;200;250;XXX;x
1334;87;220;250;XXX;x
1335;88;250;250;XXX;x
1336;89;200;200;XXX;x
1337;90;200;250;XXX;x
1338;91;220;250;XXX;x
1339;92;250;250;XXX;x
1340;93;200;200;XXX;x
1341;94;200;250;XXX;x
1342;95;220;250;XXX;x
1343;96;250;250;XXX;x
1344;97;200;200;XXX;x
1345;98;200;250;XXX;x
1346;99;220;250;XXX;x
1347;100;250;250;XXX;x
1348;101;200;200;XXX;x
1349;102;200;250;XXX;x
1350;103;220;250;XXX;x
1351;104;250;250;XXX;x
1352;105;200;200;XXX;x
1353;106;200;250;XXX;x
1354;107;220;250;XXX;x
1355;108;250;250;XXX;x
1356;109;200;200;XXX;x
1357;110;200;250;XXX;x
1358;111;220;250;XXX;x
1359;112;250;250;XXX;x
1360;113;200;200;XXX;x
1361;114;200;250;XXX;x
1362;115;220;250;XXX;x
1363;116;250;250;XXX;x
1364;117;200;200;XXX;x
1365;118;200;250;XXX;x
1366;119;220;250;XXX;x
1367;120;250;250;XXX;x
1368;121;200;200;XXX;x
1369;122;200;250;XXX;x
1370;123;220;250;XXX;x
1371;124;250;250;XXX;x
1372;125;200;200;XXX;x
1373;126;200;250;XXX;x
1374;127;220;250;XXX;x
1375;0;251;251;XXX;x
1376;1;201;201;XXX;x
1377;2;201;251;XXX;x
1378;3;221;251;XXX;x
1379;4;251;251;XXX;x
1380;5;201;201;XXX;x
1381;6;201;251;XXX;x
1382;7;221;251;XXX;x
1383;8;251;251;XXX;x
1384;9;201;201;XXX;x
1385;10;201;251;XXX;x
1386;11;221;251;XXX;x
1387;12;251;251;XXX;x
1388;13;201;201;XXX;x
1389;14;201;251;XXX;x
1390;15;221;251;XXX;x
1391;16;251;251;XXX;x
1392;17;201;201;XXX;x
1393;18;201;251;XXX;x
1394;19;221;251;XXX;x
1395;20;251;251;XXX;x
1396;21;201;201;XXX;x
1397;22;201;251;XXX;x
1398;23;221;251;XXX;x
1399;24;251;251;XXX;x
1400;25;201;201;XXX;x
1401;26;201;251;XXX;x
1402;27;221;251;XXX;x
1403;28;251;251;XXX;x
1404;29;201;201;XXX;x
1405;30;201;251;XXX;x
1406;31;221;251;XXX;x
1407;32;251;251;XXX;x
1408;33;201;201;XXX;x
1409;34;201;251;XXX;x
1410;35;221;251;XXX;x
1411;36;251;251;XXX;x
1412;37;201;201;XXX;x
1413;38;201;251;XXX;x
1414;39;221;251;XXX;x
1415;40;251;251;XXX;x
1416;41;201;201;XXX;x
1417;42;201;251;XXX;x
1418;43;221;251;XXX;x
1419;44;251;251;XXX;x
1420;45;201;201;XXX;x
1421;46;201;251;XXX;x
1422;47;221;251;XXX;x
1423;48;251;251;XXX;x
1424;49;201;201;XXX;x
1425;50;201;251;XXX;x
1426;51;221;251;XXX;x
1427;52;251;251;XXX;x
1428;53;201;201;XXX;x
1429;54;201;251;XXX;x
1430;55;221;251;XXX;x
1431;56;251;251;XXX;x
1432;57;201;201;XXX;x
1433;58;201;251;XXX;x
1434;59;221;251;XXX;x
1435;60;251;251;XXX;x
1436;61;201;201;XXX;x
1437;62;201;251;XXX;x
1438;63;221;251;XXX;x
1439;64;251;251;XXX;x
1440;65;201;201;XXX;x
1441;66;201;251;XXX;x
1442;67;221;251;XXX;x
1443;68;251;251;XXX;x
1444;69;201;201;XXX;x
1445;70;201;251;XXX;x
1446;71;221;251;XXX;x
1447;72;251;251;XXX;x
1448;73;201;201;XXX;x
1449;74;201;251;XXX;x
1450;75;221;251;XXX;x
1451;76;251;251;XXX;x
1452;77;201;201;XXX;x
1453;78;201;251;XXX;x
1454;79;221;251;XXX;x
1455;80;251;251;XXX;x
1456;81;201;201;XXX;x
1457;82;201;251;XXX;x
1458;83;221;251;XXX;x
1459;84;251;251;XXX;x
1460;85;201;201;XXX;x
1461;86;201;251;XXX;x
1462;87;221;251;XXX;x
1463;88;251;251;XXX;x
1464;89;201;201;XXX;x
1465;90;201;251;XXX;x
1466;91;221;251;XXX;x
1467;92;251;251;XXX;x
1468;93;201;201;XXX;x
1469;94;201;251;XXX;x
1470;95;221;251;XXX;x
1471;96;251;251;XXX;x
1472;97;201;201;XXX;x
1473;98;201;251;XXX;x
1474;99;221;251;XXX;x
1475;100;251;251;XXX;x
1476;101;201;201;XXX;x
1477;102;201;251;XXX;x
1478;103;221;251;XXX;x
1479;104;251;251;XXX;x
1480;105;201;201;XXX;x
1481;106;201;251;XXX;x
1482;107;221;251;XXX;x
1483;108;251;251;XXX;x
1484;109;201;201;XXX;x
1485;110;201;251;XXX;x
1486;111;221;251;XXX;x
1487;112;251;251;XXX;x
1488;113;201;201;XXX;x
1489;114;201;251;XXX;x
1490;115;221;251;XXX;x
1491;116;251;251;XXX;x
1492;117;201;201;XXX;x
1493;118;201;251;XXX;x
1494;119;221;251;XXX;x
1495;120;251;251;XXX;x
1496;121;201;201;XXX;x
1497;122;201;251;XXX;x
1498;123;221;251;XXX;x
1499;124;251;251;XXX;x
1500;125;201;201;XXX;x
1501;126;201;251;XXX;x
1502;127;221;251;XXX;x
1503;0;252;252;XXX;x
1504;1;202;202;XXX;x
1505;2;202;252;XXX;x
1506;3;222;252;XXX;x
1507;4;252;252;XXX;x
1508;5;202;202;XXX;x
1509;6;202;252;XXX;x
1510;7;222;252;XXX;x
1511;8;252;252;XXX;x
1512;9;202;202;XXX;x
1513;10;202;251;XXX;x
1514;11;222;252;XXX;x
1515;12;252;252;XXX;x
1516;13;202;202;XXX;x
1517;14;202;252;XXX;x
1518;15;222;252;XXX;x
1519;16;252;252;XXX;x
1520;17;202;202;XXX;x
1521;18;202;252;XXX;x
1522;19;222;252;XXX;x
1523;20;252;252;XXX;x
1524;21;202;202;XXX;x
1525;22;202;252;XXX;x
1526;23;222;252;XXX;x
1527;24;252;252;XXX;x
1528;25;202;202;XXX;x
1529;26;202;252;XXX;x
1530;27;222;252;XXX;x
1531;28;252;252;XXX;x
1532;29;202;202;XXX;x
1533;30;202;252;XXX;x
1534;31;222;252;XXX;x
1535;32;252;252;XXX;x
1536;33;202;202;XXX;x
1537;34;202;252;XXX;x
1538;35;222;252;XXX;x
1539;36;252;252;XXX;x
1540;37;202;202;XXX;x
1541;38;202;252;XXX;x
1542;39;222;252;XXX;x
1543;40;252;252;XXX;x
1544;41;202;202;XXX;x
1545;42;202;252;XXX;x
1546;43;222;252;XXX;x
1547;44;252;252;XXX;x
1548;45;202;202;XXX;x
1549;46;202;252;XXX;x
1550;47;222;252;XXX;x
1551;48;252;252;XXX;x
1552;49;202;202;XXX;x
1553;50;202;252;XXX;x
1554;51;222;252;XXX;x
1555;52;252;252;XXX;x
1556;53;202;202;XXX;x
1557;54;202;252;XXX;x
1558;55;222;252;XXX;x
1559;56;252;252;XXX;x
1560;57;202;202;XXX;x
1561;58;202;252;XXX;x
1562;59;222;252;XXX;x
1563;60;252;252;XXX;x
1564;61;202;202;XXX;x
1565;62;202;252;XXX;x
1566;63;222;252;XXX;x
1567;64;252;252;XXX;x
1568;65;202;202;XXX;x
1569;66;202;252;XXX;x
1570;67;222;252;XXX;x
1571;68;252;252;XXX;x
1572;69;202;202;XXX;x
1573;70;202;252;XXX;x
1574;71;222;252;XXX;x
1575;72;252;252;XXX;x
1576;73;202;202;XXX;x
1577;74;202;252;XXX;x
1578;75;222;252;XXX;x
1579;76;252;252;XXX;x
1580;77;202;202;XXX;x
1581;78;202;252;XXX;x
1582;79;222;252;XXX;x
1583;80;252;252;XXX;x
1584;81;202;202;XXX;x
1585;82;202;252;XXX;x
1586;83;222;252;XXX;x
1587;84;252;252;XXX;x
1588;85;202;202;XXX;x
1589;86;202;252;XXX;x
1590;87;222;252;XXX;x
1591;88;252;252;XXX;x
1592;89;202;202;XXX;x
1593;90;202;252;XXX;x
1594;91;222;252;XXX;x
1595;92;252;252;XXX;x
1596;93;202;202;XXX;x
1597;94;202;252;XXX;x
1598;95;222;252;XXX;x
1599;96;252;252;XXX;x
1600;97;202;202;XXX;x
1601;98;202;252;XXX;x
1602;99;222;252;XXX;x
1603;100;252;252;XXX;x
1604;101;202;202;XXX;x
1605;102;202;252;XXX;x
1606;103;222;252;XXX;x
1607;104;252;252;XXX;x
1608;105;202;202;XXX;x
1609;106;202;252;XXX;x
1610;107;222;252;XXX;x
1611;108;252;252;XXX;x
1612;109;202;202;XXX;x
1613;110;202;252;XXX;x
1614;111;222;252;XXX;x
1615;112;252;252;XXX;x
1616;113;202;202;XXX;x
1617;114;202;252;XXX;x
1618;115;222;252;XXX;x
1619;116;252;252;XXX;x
1620;117;202;202;XXX;x
1621;118;202;252;XXX;x
1622;119;222;252;XXX;x#Part of the Yucatan
1623;60;221;221;XXX;x
1624;95;200;200;XXX;x
1625;200;135;255;XXX;x
1626;120;2;232;XXX;X
1627;125;4;236;XXX;x
1628;130;8;240;XXX;x
1629;135;16;244;XXX;x
1630;140;32;248;XXX;x
1631;145;64;232;XXX;x
1632;150;128;236;XXX;x
1633;55;1;80;XXX;x
1634;155;2;120;XXX;x
1635;105;3;160;XXX;x
1636;75;4;40;XXX;x
1637;105;6;160;XXX;x
1638;65;7;40;XXX;x
1639;155;8;120;XXX;x
1640;105;9;160;XXX;x
1641;55;10;40;XXX;x
1642;105;11;120;XXX;x
1643;155;12;160;XXX;x
1644;25;13;70;XXX;x
1645;155;5;120;XXX;x
1646;55;14;120;XXX;x
1647;255;15;160;XXX;x
1648;255;16;40;XXX;x
1649;255;17;120;XXX;x
1650;230;18;160;XXX;x
1651;255;19;90;XXX;x
1652;255;20;120;XXX;x
1653;255;21;160;XXX;x
1654;16;134;155;XXX;x
1655;16;245;155;XXX;x
1656;188;164;69;XXX;x
1657;255;120;0;XXX;x
1658;81;148;103;XXX;x
1659;156;172;45;XXX;x
1660;205;119;117;XXX;x
1661;213;157;165;XXX;x
1662;213;242;165;XXX;x
1663;84;237;87;XXX;x
1664;64;189;3;XXX;x
1665;246;92;62;XXX;x
1666;0;225;69;XXX;x
1667;181;16;160;XXX;x
1668;53;124;86;XXX;x
1669;193;131;23;XXX;x
1670;85;160;133;XXX;x
1671;198;203;170;XXX;x
1672;73;18;169;XXX;x
1673;184;70;8;XXX;x
1674;215;241;160;XXX;x
1675;122;234;32;XXX;x
1676;225;142;66;XXX;x
1677;156;201;151;XXX;x
1678;156;201;221;XXX;x
1679;156;61;221;XXX;x
1680;75;190;64;XXX;x
1681;231;98;182;XXX;x
1682;237;96;10;XXX;x
1683;255;192;227;XXX;x
1684;255;192;0;XXX;x
1685;193;76;178;XXX;x
1686;152;160;243;XXX;x
1687;202;218;255;XXX;x
1688;53;215;217;XXX;x
1689;116;145;119;XXX;x
1690;212;53;53;XXX;x
1691;72;225;192;XXX;x
1692;187;154;212;XXX;x
1693;123;181;72;XXX;x
1694;234;189;93;XXX;x
1695;96;229;237;XXX;x
1696;154;192;44;XXX;x
1697;151;175;205;XXX;x
1698;0;18;255;XXX;x
1699;0;194;255;XXX;x
1700;224;140;221;XXX;x
1701;32;140;221;XXX;x
1702;132;140;221;XXX;x
1703;219;108;9;XXX;x
1704;142;80;132;XXX;x
1705;17;138;94;XXX;x
1706;205;86;82;XXX;x
1707;193;0;241;XXX;x
1708;161;165;225;XXX;x
1709;197;225;191;XXX;x
1710;224;213;178;XXX;x
1711;66;156;186;XXX;x
1712;81;142;66;XXX;x
1713;154;52;179;XXX;x
1714;145;33;11;XXX;x
1715;170;185;212;XXX;x
1716;230;190;64;XXX;x
1717;78;155;191;XXX;x
1718;222;94;94;XXX;x
1719;210;243;194;XXX;x
1720;95;101;222;XXX;x
1721;148;136;138;XXX;x
1722;193;207;44;XXX;x
1723;195;123;121;XXX;x
1724;186;239;22;XXX;x
1725;215;191;26;XXX;x
1726;103;132;224;XXX;x
1727;104;136;64;XXX;x
1728;105;148;160;XXX;x
1729;105;162;80;XXX;x
1730;104;158;240;XXX;x
1731;100;98;144;XXX;x
1732;100;90;80;XXX;x
1733;99;86;240;XXX;x
1734;199;223;102;XXX;x
1735;115;210;143;XXX;x
1736;193;133;132;XXX;x
1737;106;172;160;XXX;x
1738;107;180;224;XXX;x
1739;108;206;240;XXX;x
1740;219;224;124;XXX;x
1741;116;102;240;XXX;x
1742;114;56;64;XXX;x
1743;114;115;55;XXX;x
1744;112;32;64;XXX;x
1745;111;244;160;XXX;x
1746;111;254;240;XXX;x
1747;115;78;240;XXX;x
1748;115;86;112;XXX;x
1749;155;139;47;XXX;x
1750;115;82;80;XXX;x
1751;123;184;128;XXX;x
1752;122;174;240;XXX;x
1753;121;152;64;XXX;x
1754;196;187;21;XXX;x
1755;119;138;144;XXX;x
1756;118;126;240;XXX;x
1757;119;120;192;XXX;x
1758;118;130;80;XXX;x
1759;124;210;144;XXX;x
1760;143;75;75;XXX;x
1761;86;118;240;XXX;x
1762;145;24;24;XXX;x
1763;238;254;148;XXX;x
1764;107;218;111;XXX;x
1765;84;80;128;XXX;x
1766;190;53;53;XXX;x
1767;82;62;176;XXX;x
1768;185;51;51;XXX;x
1769;185;197;39;XXX;x
1770;150;42;42;XXX;x
1771;41;150;61;XXX;x
1772;121;54;54;XXX;x
1773;69;102;64;XXX;x
1774;131;100;35;XXX;x
1775;144;37;37;XXX;x
1776;67;84;112;XXX;x
1777;233;216;92;XXX;x
1778;97;44;96;XXX;x
1779;146;81;81;XXX;x
1780;65;52;224;XXX;x
1781;65;46;176;XXX;x
1782;64;44;160;XXX;x#Peten 
1783;65;34;80;XXX;x
1784;64;32;64;XXX;x
1785;68;78;64;XXX;x
1786;67;62;128;XXX;x
1787;67;70;192;XXX;x
1788;255;216;0;XXX;x
1789;69;205;50;XXX;x
1790;75;240;74;XXX;x
1791;79;254;112;XXX;x#Central Lowlands
1792;149;33;33;XXX;x
1793;90;182;176;XXX;x
1794;153;57;57;XXX;x
1795;81;48;64;XXX;x
1796;0;36;255;XXX;x
1797;158;62;62;XXX;x
1798;171;198;23;XXX;x
1799;88;144;64;XXX;x
1800;89;162;208;XXX;x
1801;90;172;96;XXX;x
1802;91;188;224;XXX;x
1803;79;246;240;XXX;x
1804;93;216;64;XXX;x
1805;95;236;224;XXX;x
1806;93;222;112;XXX;x
1807;215;210;43;XXX;x
1808;103;120;128;XXX;x
1809;105;156;224;XXX;x
1810;106;164;96;XXX;x
1811;100;102;176;XXX;x
1812;110;220;160;XXX;x
1813;205;158;124;XXX;x
1814;108;196;160;XXX;x
1815;217;220;84;XXX;x
1816;96;42;80;XXX;x
1817;113;106;26;XXX;x
1818;255;18;160;XXX;x
1819;255;19;40;XXX;x
1820;255;25;0;XXX;x
1821;255;126;40;XXX;x
1822;255;200;150;XXX;x
1823;243;202;12;XXX;x
1824;255;22;200;XXX;x
1825;255;223;0;XXX;x
1826;255;23;23;XXX;x
1827;255;224;200;XXX;x
1828;255;24;40;XXX;x
1829;255;225;120;XXX;x #Doesn't exist
1830;255;125;200;XXX;x
1831;255;125;215;XXX;x
1832;255;24;90;XXX;x
1833;187;165;22;XXX;x
1834;187;215;128;XXX;x
1835;60;143;34;XXX;x
1836;187;205;22;XXX;x
1837;81;81;192;XXX;x
1838;187;24;90;XXX;x
1839;187;24;155;XXX;x
1840;255;112;90;XXX;x
1841;165;72;84;XXX;x
1842;58;88;180;XXX;x
1843;81;81;255;XXX;x
1844;165;72;137;XXX;x
1845;81;81;221;XXX;x
1846;215;50;155;XXX;x
1847;190;44;0;XXX;x
1848;210;227;0;XXX;x
1849;90;187;34;XXX;x
1850;208;154;12;XXX;x
1851;40;59;211;XXX;x
1852;90;156;34;XXX;x
1853;143;34;255;XXX;x
1854;121;210;41;XXX;x
1855;190;72;59;XXX;x
1856;152;137;59;XXX;x
1857;193;215;62;XXX;x
1858;190;72;96;XXX;x
1859;131;211;134;XXX;x
1860;160;109;157;XXX;x
1861;80;73;160;XXX;x
1862;120;75;185;XXX;x 
1863;120;137;132;XXX;x
1864;200;111;183;XXX;x
1865;240;69;110;XXX;x
1866;80;135;107;XXX;x
1867;160;139;157;XXX;x
1868;240;113;207;XXX;x
1869;40;115;232;XXX;x
1870;80;117;83;XXX;x
1871;120;119;108;XXX;x
1872;160;151;133;XXX;x
1873;160;77;210;XXX;x 
1874;80;61;184;XXX;x 
1875;200;117;236;XXX;x
1876;160;121;133;XXX;x
1877;240;125;232;XXX;x
1878;40;127;183;XXX;x
1879;40;139;159;XXX;x
1880;80;129;208;XXX;x
1881;120;131;233;XXX;x
1882;160;133;84;XXX;x
1883;200;79;235;XXX;x
1884;160;115;210;XXX;x
1885;116;98;168;XXX;x
1886;200;91;211;XXX;x
1887;200;135;109;XXX;x#Part of Gulf Coast
1888;240;119;86;XXX;x
1889;140;199;183;XXX;x
1890;240;137;134;XXX;x
1891;40;83;11;XXX;x
1892;200;147;85;XXX;x
1893;40;121;11;XXX;x
1894;80;141;184;XXX;x
1895;160;127;186;XXX;x
1896;120;143;209;XXX;x
1897;160;145;234;XXX;x
1898;120;125;161;XXX;x
1899;80;123;136;XXX;x
1900;240;161;86;XXX;x 
1901;240;149;110;XXX;x 
1902;120;155;185;XXX;x
1903;160;157;210;XXX;x
1904;200;159;235;XXX;x
1905;40;151;135;XXX;x
1906;240;143;207;XXX;x
1907;160;89;186;XXX;x
1908;200;129;211;XXX;x
1909;240;131;236;XXX;x
1910;40;163;11;XXX;x
1911;40;133;82;XXX;x
1912;40;71;135;XXX;x 
1913;240;81;86;XXX;x
1914;120;87;161;XXX;x
1915;140;145;232;XXX;x
1916;200;141;182;XXX;x
1917;200;153;158;XXX;x
1918;80;147;83;XXX;x
1919;209;68;153;XXX;x
1920;245;152;169;XXX;x
1921;255;230;147;XXX;x
1922;226;231;102;XXX;x
1923;198;68;153;XXX;x
1924;0;155;175;XXX;x
1925;187;186;222;XXX;x
1926;167;163;54;XXX;x
1927;157;36;128;XXX;x
1928;89;153;66;XXX;x
1929;184;183;51;XXX;x
1930;207;225;132;XXX;x
1931;0;153;75;XXX;x
1932;132;41;144;XXX;x#Part of Oaxaca
1933;250;19;41;XXX;x
1934;51;130;63;XXX;x
1935;242;102;96;XXX;x
1936;181;181;52;XXX;x
1937;49;11;71;XXX;x
1938;139;22;59;XXX;x
1939;4;24;61;XXX;x
1940;149;201;61;XXX;x
1941;157;215;209;XXX;x
1942;206;231;202;XXX;x
1943;62;48;146;XXX;x#Part of Far West Mexico
1944;203;185;45;XXX;x
1945;212;227;131;XXX;x
1946;158;168;213;XXX;x
1947;239;69;139;XXX;x
1948;245;244;179;XXX;x
1949;178;31;114;XXX;x
1950;154;216;222;XXX;x
1951;0;120;91;XXX;x
1952;101;125;54;XXX;x
1953;59;82;37;XXX;x
1954;250;203;224;XXX;x
1955;188;228;233;XXX;x
1956;0;124;194;XXX;x
1957;225;224;174;XXX;x
1958;9;115;187;XXX;x
1959;238;16;102;XXX;x
1960;255;21;245;XXX;x
1961;201;24;126;XXX;x
1962;157;34;114;XXX;x
1963;91;4;48;XXX;x
1964;213;231;178;XXX;x
1965;56;16;31;XXX;x
1966;117;18;67;XXX;x
1967;210;25;111;XXX;x
1968;240;238;129;XXX;x
1969;252;183;112;XXX;x
1970;0;120;94;XXX;x
1971;108;157;64;XXX;x
1972;71;208;47;XXX;x
1973;151;50;205;XXX;x
1974;169;158;86;XXX;x
1975;103;104;152;XXX;x
1976;57;202;53;XXX;x#Part of Isthmus
1977;155;167;88;XXX;x
1978;189;174;66;XXX;x
1979;39;216;132;XXX;x
1980;211;106;44;XXX;x
1981;179;181;74;XXX;x
1982;69;186;122;XXX;x
1983;68;40;113;XXX;x
1984;23;130;61;XXX;x
1985;168;175;18;XXX;x
1986;145;49;49;XXX;x
1987;193;255;128;XXX;x
1988;183;191;72;XXX;x
1989;179;165;85;XXX;x
1990;88;175;171;XXX;x
1991;135;100;164;XXX;x
1992;175;88;119;XXX;x
1993;108;130;155;XXX;x
1994;127;0;0;XXX;x
1995;0;38;255;XXX;x
1996;137;76;72;XXX;x
1997;53;204;105;XXX;x
1998;182;255;0;XXX;x#Part of Central Mexico
1999;225;191;0;XXX;x
2000;82;199;61;XXX;x
2001;255;0;100;XXX;x
2002;0;148;255;XXX;x
2003;190;35;195;XXX;x
2004;34;65;11;XXX;x
2005;154;12;26;XXX;x
2006;127;31;12;XXX;x
2007;17;79;170;XXX;x
2008;42;127;127;XXX;x
2009;91;112;0;XXX;x
2010;71;64;128;XXX;x
2011;32;38;255;XXX;x
2012;213;130;225;XXX;x
2013;202;66;152;XXX;x
2014;211;44;63;XXX;x
2015;135;98;114;XXX;x
2016;44;142;85;XXX;x
2017;92;175;36;XXX;x
2018;32;124;32;XXX;x
2019;255;117;154;XXX;x
2020;141;255;107;XXX;x
2021;53;168;141;XXX;x
2022;255;242;109;XXX;x
2023;255;160;58;XXX;x
2024;255;163;137;XXX;x
2025;137;255;104;XXX;x
2026;255;92;71;XXX;x
2027;97;198;71;XXX;x
2028;54;91;72;XXX;x
2029;151;78;142;XXX;x#Tochtepec
2030;89;70;120;XXX;x
2031;211;223;69;XXX;x
2032;202;43;139;XXX;x
2033;153;230;204;XXX;x
2034;179;204;153;XXX;x
2035;122;143;170;XXX;x
2036;70;70;122;XXX;x
2037;116;74;122;XXX;x
2038;60;44;114;XXX;x
2039;66;75;120;XXX;x
2040;182;25;40;XXX;x#Part of Gulf Coast
2041;85;58;215;XXX;x
2042;171;208;192;XXX;x
2043;247;22;12;XXX;x
2044;45;31;18;XXX;x#Part of Central Mexico 
2045;163;72;18;XXX;x
2046;163;189;18;XXX;x
2047;151;186;110;XXX;x#Part of Gran Chichimeca 
2048;89;61;78;XXX;x
2049;34;74;126;XXX;x
2050;166;83;32;XXX;x
2051;153;102;93;XXX;x
2052;63;102;93;XXX;x
2053;88;198;79;XXX;x
2054;172;201;135;XXX;x
2055;162;183;79;XXX;x
2056;170;202;126;XXX;x
2057;63;134;173;XXX;x#Part of Central Mexico
2058;34;80;89;XXX;x
2059;34;43;58;XXX;x
2060;154;175;58;XXX;x
2061;34;74;58;XXX;x
2062;173;104;32;XXX;x
2063;173;66;32;XXX;x
2064;72;130;79;XXX;x
2065;72;28;79;XXX;x
2066;47;122;167;XXX;x
2067;164;48;70;XXX;x
2068;166;144;32;XXX;x
2069;148;47;32;XXX;x
2070;228;43;43;XXX;x
2071;144;31;145;XXX;x
2072;81;144;95;XXX;x
2073;207;131;46;XXX;x
2074;39;31;246;XXX;x
2075;165;31;196;XXX;x
2076;102;12;145;XXX;x
2077;228;231;95;XXX;x
2078;60;161;46;XXX;x
2079;186;131;246;XXX;x
2080;123;51;196;XXX;x
2081;249;249;145;XXX;x#Part of Oaxaca
2082;21;1;95;XXX;x
2083;147;151;46;XXX;x
2084;84;131;246;XXX;x
2085;210;11;196;XXX;x
2086;42;12;145;XXX;x
2087;168;151;95;XXX;x
2088;105;109;46;XXX;x
2089;231;15;246;XXX;x
2090;63;119;196;XXX;x
2091;189;221;145;XXX;x
2092;126;1;95;XXX;x
2093;252;31;46;XXX;x
2094;1;246;246;XXX;x
2095;252;131;46;XXX;x
2096;189;121;145;XXX;x
2097;148;133;60;XXX;x
2098;37;133;180;XXX;x
2099;1;0;145;XXX;x
2100;127;20;145;XXX;x
2101;64;119;246;XXX;x
2102;190;100;196;XXX;x
2103;22;32;145;XXX;x
2104;148;161;95;XXX;x
2105;85;91;46;XXX;x
2106;211;31;246;XXX;x
2107;43;51;196;XXX;x
2108;169;2;145;XXX;x
2109;106;12;95;XXX;x
2110;232;201;46;XXX;x#Central America
2111;4;51;246;XXX;x
2112;130;130;196;XXX;x
2113;67;201;145;XXX;x
2114;193;139;95;XXX;x
2115;25;191;46;XXX;x
2116;151;161;246;XXX;x
2117;88;38;196;XXX;x#Part of Gran Chichimeca
2118;214;231;145;XXX;x
2119;46;231;95;XXX;x
2120;172;191;46;XXX;x
2121;109;41;246;XXX;x
2122;235;152;196;XXX;x
2123;7;131;145;XXX;x
2124;133;231;95;XXX;x
2125;70;161;46;XXX;x
2126;196;31;246;XXX;x
2127;28;171;196;XXX;x
2128;154;243;145;XXX;x#No Man's Land 1
2129;91;2;95;XXX;x
2130;217;131;46;XXX;x
2131;49;141;246;XXX;x
2132;175;43;196;XXX;x
2133;112;164;145;XXX;x
2134;238;244;95;XXX;x
2135;10;121;46;XXX;x
2136;136;158;246;XXX;x
2137;73;112;196;XXX;x
2138;199;232;145;XXX;x
2139;31;64;95;XXX;x
2140;157;164;46;XXX;x
2141;94;48;246;XXX;x#Far West Mexico
2142;220;44;196;XXX;x
2143;52;183;145;XXX;x
2144;178;3;95;XXX;x
2145;115;141;46;XXX;x
2146;241;101;246;XXX;x
2147;13;31;196;XXX;x
2148;139;11;145;XXX;x
2149;76;1;95;XXX;x
2150;202;202;46;XXX;x
2151;34;122;246;XXX;x#No Man's Land 2
2152;160;221;196;XXX;x
2153;97;12;145;XXX;x
2154;223;132;95;XXX;x
2155;55;131;46;XXX;x
2156;181;201;246;XXX;x
2157;118;131;196;XXX;x
2158;244;231;145;XXX;x
2159;16;19;95;XXX;x
2160;142;31;46;XXX;x
2161;79;131;246;XXX;x
2162;205;1;196;XXX;x
2163;37;6;145;XXX;x
2164;163;191;95;XXX;x
2165;100;3;46;XXX;x
2166;226;41;246;XXX;x
2167;58;1;196;XXX;x
2168;184;31;145;XXX;x
2169;121;161;95;XXX;x
2170;247;131;46;XXX;x
2171;19;131;246;XXX;x
2172;145;255;196;XXX;x
2173;82;31;145;XXX;x
2174;208;199;95;XXX;x
2175;40;61;46;XXX;x
2176;166;31;246;XXX;x
2177;103;21;196;XXX;x
2178;229;31;145;XXX;x
2179;61;31;95;XXX;x
2180;187;222;46;XXX;x
2181;124;131;246;XXX;x
2182;250;141;196;XXX;x
2183;2;131;145;XXX;x
2184;128;181;95;XXX;x
2185;65;133;46;XXX;x
2186;191;123;246;XXX;x
2187;23;31;196;XXX;x
2188;149;122;145;XXX;x
2189;86;141;95;XXX;x
2190;212;215;46;XXX;x
2191;44;131;246;XXX;x
2192;170;31;196;XXX;x
2193;107;31;145;XXX;x
2194;233;111;95;XXX;x
2195;5;202;46;XXX;x
2196;131;101;246;XXX;x
2197;68;1;196;XXX;x
2198;194;214;145;XXX;x
2199;26;3;95;XXX;x
2200;152;1;46;XXX;x
2201;89;121;246;XXX;x
2202;215;2;196;XXX;x
2203;47;1;145;XXX;x
2204;173;199;95;XXX;x
2205;110;1;46;XXX;x
2206;236;51;246;XXX;x
2207;8;121;196;XXX;x
2208;134;31;145;XXX;x
2209;71;194;95;XXX;x
2210;197;197;46;XXX;x
2211;29;41;246;XXX;x
2212;155;31;196;XXX;x
2213;92;45;145;XXX;x
2214;218;26;95;XXX;x
2215;50;131;46;XXX;x
2216;221;144;246;XXX;x
2217;176;181;246;XXX;x
2218;113;131;196;XXX;x
2219;239;18;145;XXX;x#Part of Central Mexico 
2220;11;51;95;XXX;x
2221;137;28;46;XXX;x
2222;74;15;246;XXX;x
2223;200;31;196;XXX;x #DO I EXIST?
2224;32;64;145;XXX;x 
2225;158;114;95;XXX;x#Islands
2226;95;122;46;XXX;x
2227;53;131;196;XXX;x
2228;179;219;145;XXX;x
2229;116;3;95;XXX;x
2230;242;255;46;XXX;x
2231;14;130;246;XXX;x
2232;140;131;196;XXX;x#Cuba #35
2233;77;132;145;XXX;x
2234;203;41;95;XXX;x
2235;35;221;46;XXX;x
2236;161;131;246;XXX;x
2237;98;31;196;XXX;x
2238;224;44;145;XXX;x
2239;56;31;95;XXX;x
2240;182;201;46;XXX;x
2241;119;154;246;XXX;x
2242;245;31;196;XXX;x
2243;17;131;145;XXX;x
2244;143;19;95;XXX;x
2245;80;31;46;XXX;x
2246;206;154;246;XXX;x
2247;38;44;196;XXX;x
2248;164;12;145;XXX;x
2249;101;31;95;XXX;x
2250;227;201;46;XXX;x
2251;59;132;246;XXX;x
2252;185;227;196;XXX;x
2253;122;232;145;XXX;x
2254;248;248;95;XXX;x
2255;20;131;46;XXX;x
2256;146;146;246;XXX;x
2257;83;119;196;XXX;x
2258;209;219;145;XXX;x
2259;41;15;95;XXX;x
2260;167;37;46;XXX;x
2261;104;124;246;XXX;x
2262;230;31;196;XXX;x
2263;104;54;246;XXX;x
2264;240;31;196;XXX;x
2265;62;45;145;XXX;x
2266;188;191;95;XXX;x
2267;125;31;46;XXX;x
2268;251;188;246;XXX;x
2269;3;31;196;XXX;x
2270;129;31;145;XXX;x
2271;66;13;95;XXX;x
2272;192;201;46;XXX;x
2273;25;31;246;XXX;x
2274;150;231;196;XXX;x
2275;87;31;145;XXX;x
2276;213;213;95;XXX;x
2277;45;131;46;XXX;x
2278;171;31;246;XXX;x
2279;108;31;196;XXX;x
2280;234;31;145;XXX;x
2281;6;15;95;XXX;x
2282;132;16;46;XXX;"x 	"
2283;69;31;246;XXX;x
2284;195;31;196;XXX;x
2285;27;141;145;XXX;x
2286;153;31;95;XXX;x
2287;90;31;46;XXX;x
2288;216;31;246;XXX;x
2289;48;31;196;XXX;x
2290;174;231;145;XXX;x
2291;111;31;95;XXX;x#Wastelands 
2292;100;100;100;XXX;x
2293;110;110;110;XXX;x
2294;120;120;120;XXX;x
2295;130;130;130;XXX;x
2296;140;140;140;XXX;x
2297;150;150;150;XXX;x
2298;160;160;160;XXX;x
2299;170;170;170;XXX;x
2300;180;180;180;XXX;x
2301;190;190;190;XXX;x
2302;200;200;200;XXX;x
2303;210;210;210;XXX;x
2304;220;220;200;XXX;x
2305;230;230;230;XXX;x
2306;30;30;30;XXX;x
2307;40;40;40;XXX;x
2308;50;50;50;XXX;x
2309;60;60;60;XXX;x
2310;70;70;70;XXX;x
2311;80;80;80;XXX;x
2312;90;90;90;XXX;x
2313;105;105;105;XXX;x
2314;115;115;115;XXX;x
2315;125;125;125;XXX;x
2316;135;135;135;XXX;x
2317;145;145;145;XXX;x
2318;155;155;155;XXX;x
2319;165;165;165;XXX;x
2320;175;175;175;XXX;x
2321;185;185;185;XXX;x
2322;195;195;195;XXX;x
2323;205;205;205;XXX;x
2324;103;103;103;XXX;x
2325;104;104;104;XXX;x
2326;225;225;225;XXX;x
2327;215;215;215;XXX;x
2328;235;235;235;XXX;x
2329;51;51;51;XXX;x
2330;52;52;52;XXX;x
2331;53;53;53;XXX;x
2332;54;54;54;XXX;x
2333;57;57;57;XXX;x#Mountain Passes
2334;5;255;5;XXX;x
2335;15;255;15;XXX;x#Mistakes
2336;237;31;95;XXX;x
2337;58;121;130;XXX;x
2338;120;252;252;XXX;x
2339;121;202;202;XXX;x
2340;122;202;252;XXX;x
2341;123;222;252;XXX;x
2342;124;252;252;XXX;x
2343;125;202;202;XXX;x
2344;126;202;252;XXX;x
2345;127;222;252;XXX;x
2346;0;253;253;XXX;x
2347;1;203;203;XXX;x
2348;2;203;253;XXX;x
2349;3;223;253;XXX;x
2350;4;253;253;XXX;x
2351;5;203;203;XXX;x
2352;6;203;253;XXX;x
2353;7;223;253;XXX;x
2354;8;253;253;XXX;x
2355;9;203;203;XXX;x
2356;10;203;253;XXX;x
2357;11;223;253;XXX;x
2358;12;253;253;XXX;x
2359;13;203;203;XXX;x
2360;14;203;253;XXX;x
2361;15;223;253;XXX;x
2362;16;253;253;XXX;x
2363;17;203;203;XXX;x
2364;18;203;253;XXX;x
2365;19;223;253;XXX;x
2366;20;253;253;XXX;x
2367;21;203;203;XXX;x
2368;22;203;253;XXX;x
2369;23;223;253;XXX;x
2370;24;253;253;XXX;x
2371;25;203;203;XXX;x
2372;26;203;253;XXX;x
2373;27;223;253;XXX;x
2374;28;253;253;XXX;x
2375;29;203;203;XXX;x
2376;30;203;253;XXX;x
2377;31;223;253;XXX;x
2378;32;253;253;XXX;x
2379;33;203;203;XXX;x
2380;34;203;253;XXX;x
2381;35;223;253;XXX;x
2382;36;253;253;XXX;x
2383;37;203;203;XXX;x
2384;38;203;253;XXX;x
2385;39;223;253;XXX;x
2386;40;253;253;XXX;x
2387;41;203;203;XXX;x
2388;42;203;253;XXX;x
2389;43;223;253;XXX;x
2390;44;253;253;XXX;x
2391;45;203;203;XXX;x
2392;46;203;253;XXX;x
2393;47;223;253;XXX;x
2394;48;253;253;XXX;x
2395;49;203;203;XXX;x
2396;50;203;253;XXX;x
2397;51;223;253;XXX;x
2398;52;253;253;XXX;x
2399;53;203;203;XXX;x
2400;54;203;253;XXX;x
2401;55;223;253;XXX;x
2402;56;253;253;XXX;x
2403;57;203;203;XXX;x
2404;58;203;253;XXX;x
2405;59;223;253;XXX;x
2406;60;253;253;XXX;x
2407;61;203;203;XXX;x
2408;62;203;253;XXX;x
2409;63;223;253;XXX;x
2410;64;253;253;XXX;x
2411;65;203;203;XXX;x
2412;66;203;253;XXX;x
2413;67;223;253;XXX;x
2414;68;253;253;XXX;x
2415;69;203;203;XXX;x
2416;70;203;253;XXX;x
2417;71;223;253;XXX;x
2418;72;253;253;XXX;x
2419;73;203;203;XXX;x
2420;74;203;253;XXX;x
2421;75;223;253;XXX;x
2422;76;253;253;XXX;x
2423;77;203;203;XXX;x
2424;78;203;253;XXX;x
2425;79;223;253;XXX;x
2426;80;253;253;XXX;x
2427;81;203;203;XXX;x
2428;82;203;253;XXX;x
2429;83;223;253;XXX;x
2430;85;203;203;XXX;x
2431;86;203;253;XXX;x
2432;87;223;253;XXX;x
2433;88;253;253;XXX;x
2434;89;203;203;XXX;x
2435;90;203;253;XXX;x
2436;91;223;253;XXX;x
2437;92;253;253;XXX;x
2438;93;203;203;XXX;x
2439;94;203;253;XXX;x
2440;95;223;253;XXX;x
2441;96;253;253;XXX;x
2442;97;203;203;XXX;x
2443;98;203;253;XXX;x
2444;99;223;253;XXX;x
2445;100;253;253;XXX;x
2446;101;203;203;XXX;x
2447;102;203;253;XXX;x
2448;103;223;253;XXX;x
2449;104;203;203;XXX;x
2450;106;203;253;XXX;x
2451;107;223;253;XXX;x
2452;108;253;253;XXX;x
2453;109;203;203;XXX;x
2454;110;203;253;XXX;x
2455;66;68;126;XXX;x
2456;194;70;173;XXX;x
2457;66;72;32;XXX;x
2458;195;74;79;XXX;x
2459;67;76;126;XXX;x
2460;195;78;173;XXX;x
2461;67;80;32;XXX;x
2462;195;82;79;XXX;x
2463;67;84;126;XXX;x
2464;195;86;173;XXX;x
2465;68;88;32;XXX;x
2466;196;90;79;XXX;x
2467;68;92;126;XXX;x
2468;196;94;173;XXX;x
2469;68;96;32;XXX;x
2470;196;98;79;XXX;x
2471;68;100;126;XXX;x
2472;197;102;173;XXX;x
2473;69;104;32;XXX;x
2474;197;106;79;XXX;x
2475;69;108;126;XXX;x
2476;197;110;173;XXX;x
2477;69;112;32;XXX;x
2478;197;114;79;XXX;x
2479;70;116;126;XXX;x
2480;198;118;173;XXX;x
2481;70;120;32;XXX;x
2482;198;122;79;XXX;x
2483;70;124;126;XXX;x
2484;198;126;173;XXX;x
2485;70;128;32;XXX;x
2486;199;130;79;XXX;x
2487;71;132;126;XXX;x
2488;199;134;173;XXX;x
2489;71;136;32;XXX;x
2490;199;138;79;XXX;x
2491;71;140;126;XXX;x
2492;199;142;173;XXX;x
2493;72;144;32;XXX;x
2494;200;146;79;XXX;x
2495;72;148;126;XXX;x
2496;200;150;173;XXX;x
2497;72;152;32;XXX;x
2498;200;154;79;XXX;x
2499;72;156;126;XXX;x
2500;201;158;173;XXX;x
2501;73;32;32;XXX;x
2502;201;34;79;XXX;x
2503;73;36;126;XXX;x
2504;201;38;173;XXX;x
2505;201;42;79;XXX;x
2506;74;44;126;XXX;x
2507;202;46;173;XXX;x
2508;74;48;32;XXX;x
2509;202;50;79;XXX;x
2510;74;52;126;XXX;x
2511;202;54;173;XXX;x
2512;74;56;32;XXX;x
2513;203;58;79;XXX;x
2514;75;60;126;XXX;x
2515;203;62;173;XXX;x
2516;75;64;32;XXX;x
2517;203;66;79;XXX;x
2518;75;68;126;XXX;x
2519;203;70;173;XXX;x
2520;76;72;32;XXX;x
2521;204;74;79;XXX;x
2522;76;76;126;XXX;x
2523;204;78;173;XXX;x
2524;76;80;32;XXX;x
2525;204;82;79;XXX;x
2526;76;84;126;XXX;x
2527;205;86;173;XXX;x
2528;77;88;32;XXX;x
2529;205;90;79;XXX;x
2530;77;92;126;XXX;x
2531;205;94;173;XXX;x
2532;77;96;32;XXX;x
2533;205;98;79;XXX;x
2534;78;100;126;XXX;x
2535;206;102;173;XXX;x
2536;78;104;32;XXX;x
2537;206;106;79;XXX;x
2538;78;108;126;XXX;x
2539;206;110;173;XXX;x
2540;78;112;32;XXX;x
2541;207;114;79;XXX;x
2542;79;116;126;XXX;x
2543;207;118;173;XXX;x
2544;79;120;32;XXX;x
2545;207;122;79;XXX;x
2546;79;124;126;XXX;x
2547;207;126;173;XXX;x
2548;80;128;32;XXX;x
2549;208;130;79;XXX;x
2550;80;132;126;XXX;x
2551;208;134;173;XXX;x
2552;80;136;32;XXX;x
2553;208;138;79;XXX;x
2554;80;140;126;XXX;x
2555;209;142;173;XXX;x
2556;81;144;32;XXX;x
2557;209;146;79;XXX;x
2558;81;148;126;XXX;x
2559;209;150;173;XXX;x
2560;81;152;32;XXX;x
2561;209;154;79;XXX;x
2562;82;156;126;XXX;x
2563;210;158;173;XXX;x
2564;82;32;32;XXX;x
2565;210;34;79;XXX;x
2566;82;36;126;XXX;x
2567;210;38;173;XXX;x
2568;82;40;32;XXX;x
2569;211;42;79;XXX;x
2570;83;44;126;XXX;x
2571;211;46;173;XXX;x
2572;83;48;32;XXX;x
2573;211;50;79;XXX;x
2574;83;52;126;XXX;x
2575;211;54;173;XXX;x
2576;84;56;32;XXX;x
2577;212;58;79;XXX;x
2578;84;60;126;XXX;x
2579;212;62;173;XXX;x
2580;84;64;32;XXX;x
2581;212;66;79;XXX;x
2582;84;68;126;XXX;x
2583;213;70;173;XXX;x
2584;85;72;32;XXX;x
2585;86;84;126;XXX;x
2586;85;76;126;XXX;x
2587;213;78;173;XXX;x
2588;142;110;192;XXX;x
2589;213;82;79;XXX;x
2590;86;92;126;XXX;x
2591;214;86;173;XXX;x
2592;86;88;32;XXX;x
2593;214;90;79;XXX;x
2594;213;74;79;XXX;x
2595;214;94;173;XXX;x
2596;0;0;232;XXX;x
2597;1;0;236;XXX;x
2598;2;0;240;XXX;x
2599;3;0;244;XXX;x
2600;4;0;248;XXX;x
2601;5;0;232;XXX;x
2602;6;0;236;XXX;x
2603;7;0;240;XXX;x
2604;8;0;244;XXX;x
2605;9;0;248;XXX;x
2606;10;0;232;XXX;x
2607;11;0;236;XXX;x
2608;12;0;240;XXX;x
2609;13;0;244;XXX;x
2610;14;0;248;XXX;x
2611;15;0;232;XXX;x
2612;16;0;236;XXX;x
2613;17;0;240;XXX;x
2614;81;104;191;XXX;x
2615;19;0;248;XXX;x
2616;20;0;232;XXX;x
2617;21;0;236;XXX;x
2618;22;0;240;XXX;x
2619;23;0;244;XXX;x
2620;24;0;248;XXX;x
2621;25;0;232;XXX;x
2622;26;0;236;XXX;x
2623;27;0;240;XXX;x
2624;28;0;244;XXX;x
2625;29;0;248;XXX;x
2626;30;0;232;XXX;x
2627;31;0;236;XXX;x
2628;32;0;240;XXX;x
2629;33;0;244;XXX;x
2630;34;0;248;XXX;x
2631;35;0;232;XXX;x
2632;36;0;236;XXX;x
2633;37;0;240;XXX;x
2634;38;0;244;XXX;x
2635;39;0;248;XXX;x
2636;40;0;232;XXX;x
2637;62;206;252;XXX;x
2638;225;191;200;XXX;x
2639;62;230;252;XXX;x
2640;62;218;252;XXX;x
2641;62;234;252;XXX;x
2642;62;210;252;XXX;x
2643;237;154;79;XXX;x
2644;130;60;50;XXX;x
2645;49;150;248;XXX;x
2646;50;0;232;XXX;x
2647;251;0;36;XXX;x
2648;52;0;240;XXX;x
2649;55;0;0;XXX;x
2650;65;0;250;XXX;x
2651;75;0;25;XXX;x
2652;85;0;225;XXX;x
2653;95;0;50;XXX;x
2654;105;0;200;XXX;x
2655;110;0;75;XXX;x
2656;115;0;175;XXX;x
2657;120;0;100;XXX;x
2658;125;0;150;XXX;x
2659;63;0;244;XXX;x
2660;64;0;248;XXX;x
2661;65;0;232;XXX;x
2662;66;0;236;XXX;x
2663;67;0;240;XXX;x
2664;68;0;244;XXX;x
2665;69;0;248;XXX;x
2666;70;0;232;XXX;x
2667;71;0;236;XXX;x
2668;172;146;192;XXX;x
2669;73;0;244;XXX;x
2670;74;0;248;XXX;x
2671;75;0;232;XXX;x
2672;76;0;236;XXX;x
2673;77;0;240;XXX;x
2674;78;0;244;XXX;x
2675;79;0;248;XXX;x
2676;80;0;232;XXX;x
2677;81;0;236;XXX;x
2678;88;116;126;XXX;x
2679;216;118;173;XXX;x
2680;217;126;173;XXX;x
2681;89;128;32;XXX;x
2682;216;122;79;XXX;x
2683;88;120;32;XXX;x
2684;88;112;32;XXX;x
2685;216;114;79;XXX;x
2686;88;124;126;XXX;x
2687;215;110;173;XXX;x
2688;105;225;255;XXX;x
2689;93;0;244;XXX;x
2690;94;0;248;XXX;x
2691;95;0;232;XXX;x
2692;96;0;236;XXX;x
2693;136;253;253;XXX;x
2694;98;0;244;XXX;x
2695;99;0;248;XXX;x
2696;100;0;232;XXX;x
2697;101;0;236;XXX;x
2698;102;240;0;XXX;x
2699;103;0;244;XXX;x
2700;104;0;248;XXX;x
2701;105;0;232;XXX;x
2702;106;0;236;XXX;x
2703;107;0;240;XXX;x
2704;108;0;244;XXX;x
2705;109;0;248;XXX;x
2706;110;0;232;XXX;x
2707;111;0;236;XXX;x
2708;112;0;240;XXX;x
2709;113;0;244;XXX;x
2710;114;0;248;XXX;x
2711;115;0;232;XXX;x
2712;116;0;236;XXX;x
2713;237;31;46;XXX;x
2714;111;61;95;XXX;x
2715;237;231;46;XXX;x
2716;192;101;46;XXX;x
2717;51;255;40;XXX;x
2718;60;214;57;XXX;x
2719;29;38;119;XXX;x
2720;150;146;184;XXX;x
2721;48;55;127;XXX;x
2722;214;113;131;XXX;x
2723;21;117;104;XXX;x
2724;55;130;71;XXX;x
2725;76;118;155;XXX;x
2726;92;59;239;XXX;x
2727;130;64;29;XXX;x
2728;79;130;125;XXX;x
2729;237;46;40;XXX;x
2730;44;214;56;XXX;x
2731;216;49;158;XXX;x
2732;130;85;130;XXX;x
2733;198;98;83;XXX;x
2734;165;116;117;XXX;x
2735;216;58;34;XXX;x
2736;216;67;201;XXX;x
2737;104;16;91;XXX;x
2738;136;210;148;XXX;x
2739;107;66;100;XXX;x
2740;181;45;81;XXX;x
2741;163;70;58;XXX;x
2742;163;207;58;XXX;x
2743;255;75;66;XXX;x
2744;197;255;53;XXX;x
2745;219;211;164;XXX;x
2746;65;219;88;XXX;x
2747;104;158;82;XXX;x
2748;132;76;108;XXX;x
2749;131;183;111;XXX;x
2750;255;61;138;XXX;x
2751;234;86;86;XXX;x
2752;255;107;28;XXX;x
2753;196;102;196;XXX;x
2754;87;204;89;XXX;x
2755;105;135;119;XXX;x
2756;175;65;144;XXX;x
2757;255;228;94;XXX;x
2758;255;89;185;XXX;x
2759;127;150;255;XXX;x
2760;137;255;124;XXX;x
2761;201;219;43;XXX;x
2762;241;207;129;XXX;x
2763;119;128;17;XXX;x
2764;82;206;171;XXX;x
2765;131;198;119;XXX;x
2766;178;198;73;XXX;x
2767;33;198;152;XXX;x
2768;221;212;104;XXX;x
2769;124;63;62;XXX;x
2770;147;120;31;XXX;x
2771;255;141;71;XXX;x
2772;93;107;37;XXX;x
2773;255;102;79;XXX;x
2774;38;104;109;XXX;x
2775;53;255;77;XXX;x
2776;45;107;40;XXX;x
2777;255;101;63;XXX;x
2778;170;83;124;XXX;x
2779;32;82;163;XXX;x
2780;253;255;158;XXX;x
2781;124;56;0;XXX;x
2782;186;139;0;XXX;x
2783;152;83;186;XXX;x
2784;249;177;179;XXX;x
2785;138;58;45;XXX;x
2786;162;64;128;XXX;x
2787;209;139;185;XXX;x
2788;122;48;97;XXX;x
2789;134;53;105;XXX;x
2790;213;38;84;XXX;x
2791;106;186;80;XXX;x
2792;80;32;128;XXX;x
2793;37;208;234;XXX;x
2794;234;227;107;XXX;x
2795;68;230;179;XXX;x
2796;3;196;128;XXX;x
2797;188;67;67;XXX;x
2798;231;35;179;XXX;x
2799;68;8;179;XXX;x
2800;166;56;206;XXX;x
2801;86;116;66;XXX;x
2802;46;186;146;XXX;x
2803;116;166;116;XXX;x
2804;126;216;46;XXX;x
2805;134;44;124;XXX;x
2806;120;55;111;XXX;x
2807;48;148;218;XXX;x
2808;26;216;116;XXX;x
2809;146;66;126;XXX;x
2810;186;46;176;XXX;x
2811;82;128;128;XXX;x
2812;198;74;105;XXX;x
2813;193;91;31;XXX;x
2814;58;147;124;XXX;x
2815;71;100;145;XXX;x
2816;145;101;5;XXX;x
2817;151;190;194;XXX;x
2818;93;188;84;XXX;x
2819;204;79;98;XXX;x
2820;89;155;254;XXX;x
2821;89;124;82;XXX;x
2822;178;66;140;XXX;x
2823;183;255;142;XXX;x
2824;219;174;92;XXX;x
2825;89;138;43;XXX;x
2826;206;152;45;XXX;x
2827;155;170;68;XXX;x
2828;142;151;215;XXX;x
2829;255;153;153;XXX;x
2830;86;100;255;XXX;x
2831;201;151;89;XXX;x
2832;201;201;89;XXX;x
2833;194;170;163;XXX;x
2834;194;89;105;XXX;x
2835;126;107;255;XXX;x
2836;211;163;46;XXX;x
2837;97;209;85;XXX;x
2838;206;145;88;XXX;x
2839;206;101;70;XXX;x
2840;183;132;255;XXX;x
2841;200;122;110;XXX;x
2842;160;160;88;XXX;x
2843;48;97;59;XXX;x
2844;167;174;136;XXX;x
2845;47;174;78;XXX;x
2846;137;75;113;XXX;x
2847;194;235;0;XXX;x
2848;114;125;229;XXX;x
2849;27;143;57;XXX;x
2850;208;224;161;XXX;x
2851;31;196;124;XXX;x
2852;212;203;165;XXX;x
2853;193;104;146;XXX;x
2854;184;224;133;XXX;x
2855;196;122;203;XXX;x
2856;39;189;75;XXX;x
2857;68;93;174;XXX;x
2858;66;225;110;XXX;x
2859;147;198;249;XXX;x
2860;232;144;132;XXX;x
2861;215;227;10;XXX;x
2862;215;34;10;XXX;x
2863;205;227;166;XXX;x
2864;210;55;24;XXX;x
2865;203;13;178;XXX;x
2866;203;230;178;XXX;x
2867;162;29;132;XXX;x
2868;26;229;50;XXX;x
2869;208;231;17;XXX;x
2870;227;10;66;XXX;x
2871;234;182;195;XXX;x
2872;155;76;12;XXX;x
2873;212;200;121;XXX;x
2874;212;54;121;XXX;x
2875;129;170;176;XXX;x
2876;53;203;7;XXX;x
2877;203;28;28;XXX;x
2878;229;187;219;XXX;x
2879;227;205;162;XXX;x
2880;121;191;224;XXX;x
2881;164;195;139;XXX;x
2882;203;49;78;XXX;x
2883;223;236;112;XXX;x
2884;192;102;234;XXX;x
2885;87;166;169;XXX;x
2886;74;6;176;XXX;x
2887;115;227;215;XXX;x
2888;207;88;96;XXX;x
2889;220;218;83;XXX;x
2890;201;29;167;XXX;x
2891;61;225;80;XXX;x
2892;112;183;0;XXX;x
2893;195;231;140;XXX;x
2894;238;42;55;XXX;x
2895;217;40;128;XXX;x
2896;102;64;154;XXX;x
2897;239;193;128;XXX;x
2898;39;54;255;XXX;x
2899;175;213;219;XXX;x
2900;80;211;231;XXX;x
2901;131;154;204;XXX;x
2902;138;169;13;XXX;x
2903;243;235;206;XXX;x
2904;179;64;89;XXX;x
2905;130;104;224;XXX;x
2906;28;77;217;XXX;x
2907;220;131;82;XXX;x
2908;16;91;52;XXX;x
2909;196;165;91;XXX;x
2910;234;27;27;XXX;x
2911;154;92;25;XXX;x
2912;201;74;24;XXX;x
2913;225;248;32;XXX;x
2914;198;12;148;XXX;x
2915;162;91;52;XXX;x
2916;94;52;213;XXX;x
2917;141;225;31;XXX;x
2918;27;159;129;XXX;x
2919;179;101;229;XXX;x
2920;58;117;171;XXX;x
2921;97;56;208;XXX;x
2922;191;40;143;XXX;x
2923;9;140;159;XXX;x
2924;164;234;53;XXX;x
2925;124;22;150;XXX;x
2926;140;215;23;XXX;x
2927;73;105;12;XXX;x
2928;239;33;57;XXX;x
2929;237;42;10;XXX;x
2930;219;26;16;XXX;x
2931;13;172;47;XXX;x
2932;60;68;219;XXX;x
2933;101;200;35;XXX;x
2934;184;44;219;XXX;x
2935;177;115;49;XXX;x
2936;108;80;213;XXX;x
2937;108;140;23;XXX;x
2938;51;88;196;XXX;x
2939;50;191;200;XXX;x
2940;234;61;69;XXX;x
2941;116;224;158;XXX;x
2942;237;44;0;XXX;x
2943;232;197;34;XXX;x
2944;213;84;63;XXX;x
2945;219;210;106;XXX;x
2946;30;80;222;XXX;x
2947;225;47;5;XXX;x
2948;198;166;54;XXX;x
2949;227;31;59;XXX;x
2950;219;44;97;XXX;x
2951;31;236;55;XXX;x
2952;231;147;101;XXX;x
2953;56;203;20;XXX;x
2954;220;138;41;XXX;x
2955;83;46;201;XXX;x
2956;232;205;202;XXX;x
2957;208;20;175;XXX;x
2958;62;16;191;XXX;x
2959;133;105;215;XXX;x
2960;200;153;63;XXX;x
2961;81;145;18;XXX;x
2962;239;221;25;XXX;x
2963;128;188;22;XXX;x
2964;241;204;106;XXX;x
2965;217;232;114;XXX;x
2966;21;102;201;XXX;x
2967;218;229;92;XXX;x
2968;94;145;166;XXX;x
2969;49;196;123;XXX;x
2970;52;123;87;XXX;x
2971;200;160;82;XXX;x
2972;229;22;80;XXX;x
2973;166;19;60;XXX;x
2974;239;225;105;XXX;x
2975;44;225;91;XXX;x
2976;44;72;166;XXX;x
2977;43;143;201;XXX;x
2978;222;176;35;XXX;x
2979;239;49;105;XXX;x
2980;72;80;35;XXX;x
2981;225;45;45;XXX;x
2982;236;171;15;XXX;x
2983;236;78;0;XXX;x
2984;167;186;36;XXX;x
2985;12;149;188;XXX;x
2986;31;124;26;XXX;x
2987;45;116;57;XXX;x
2988;219;84;58;XXX;x
2989;121;162;208;XXX;x
2990;42;72;201;XXX;x
2991;68;225;26;XXX;x
2992;196;104;191;XXX;x
2993;72;198;51;XXX;x
2994;32;218;173;XXX;x
2995;236;57;116;XXX;x
2996;236;220;116;XXX;x
2997;236;222;116;XXX;x
2998;29;59;159;XXX;x
2999;107;121;191;XXX;x
3000;224;134;54;XXX;x
3001;70;224;54;XXX;x
3002;239;33;81;XXX;x
3003;255;133;59;XXX;x
3004;61;201;123;XXX;x
3005;241;249;20;XXX;x
3006;208;213;71;XXX;x
3007;85;232;161;XXX;x
3008;75;169;217;XXX;x
3009;52;253;37;XXX;x
3010;243;1;69;XXX;x
3011;32;251;212;XXX;x
3012;88;163;215;XXX;x
3013;121;225;101;XXX;x
3014;255;239;163;XXX;x
3015;231;154;5;XXX;x
3016;249;240;1;XXX;x
3017;255;162;53;XXX;x
3018;248;19;19;XXX;x
3019;42;231;108;XXX;x
3020;205;23;23;XXX;x
3021;248;231;136;XXX;x
3022;99;204;234;XXX;x
3023;192;219;10;XXX;x
3024;241;15;15;XXX;x
3025;222;108;69;XXX;x
3026;227;135;53;XXX;x
3027;150;159;47;XXX;x
3028;206;227;169;XXX;x
3029;223;236;73;XXX;x
3030;55;246;23;XXX;x
3031;220;251;47;XXX;x
3032;232;11;11;XXX;x
3033;200;58;78;XXX;x
3034;181;150;96;XXX;x
3035;243;21;172;XXX;x
3036;91;125;222;XXX;x
3037;136;48;142;XXX;x
3038;248;245;157;XXX;x
3039;234;228;174;XXX;x
3040;229;171;33;XXX;x
3041;34;25;232;XXX;x
3042;48;193;191;XXX;x
3043;255;90;203;XXX;x
3044;231;176;70;XXX;x
3045;232;5;5;XXX;x
3046;134;198;192;XXX;x
3047;188;110;220;XXX;x
3048;189;110;220;XXX;x
3049;190;110;220;XXX;x
3050;191;110;220;XXX;x
3051;192;110;220;XXX;x
3052;193;110;220;XXX;x
3053;194;110;220;XXX;x
3054;195;110;220;XXX;x
3055;196;110;220;XXX;x
3056;197;110;220;XXX;x
3057;199;110;220;XXX;x
3058;200;110;220;XXX;x
3059;201;110;220;XXX;x
3060;202;110;220;XXX;x
3061;203;110;220;XXX;x
3062;204;110;220;XXX;x
3063;205;110;220;XXX;x
3064;206;110;220;XXX;x
3065;207;110;220;XXX;x
3066;207;110;221;XXX;x
3067;207;110;222;XXX;x
3068;207;110;223;XXX;x
3069;207;110;224;XXX;x
3070;207;110;225;XXX;x
3071;207;110;226;XXX;x
3072;207;110;227;XXX;x
3073;207;110;228;XXX;x
3074;207;110;229;XXX;x
3075;207;110;230;XXX;x
3076;207;110;231;XXX;x
3077;207;110;232;XXX;x
3078;207;110;233;XXX;x
3079;207;110;234;XXX;x
3080;207;110;235;XXX;x
3081;207;110;236;XXX;x
3082;207;110;237;XXX;x
3083;207;110;238;XXX;x
3084;207;110;239;XXX;x
3085;207;110;240;XXX;x
3086;207;110;241;XXX;x
3087;207;110;242;XXX;x
3088;207;110;243;XXX;x
3089;207;110;244;XXX;x
3090;207;110;245;XXX;x
3091;207;110;246;XXX;x
3092;207;110;247;XXX;x
3093;207;110;248;XXX;x
3094;207;110;249;XXX;x
3095;207;110;250;XXX;x
3096;208;110;1;XXX;x
3097;207;110;2;XXX;x
3098;207;110;3;XXX;x
3099;207;110;4;XXX;x
3100;207;110;5;XXX;x
3101;207;110;6;XXX;x
3102;207;110;7;XXX;x
3103;207;110;8;XXX;x
3104;207;110;9;XXX;x
3105;207;110;10;XXX;x
3106;207;110;11;XXX;x
3107;207;110;12;XXX;x
3108;207;110;13;XXX;x
3109;207;110;14;XXX;x
3110;207;110;15;XXX;x
3111;207;110;16;XXX;x
3112;207;110;17;XXX;x
3113;207;110;18;XXX;x
3114;207;110;19;XXX;x
3115;207;110;20;XXX;x
3116;207;110;21;XXX;x
3117;207;110;22;XXX;x
3118;207;110;23;XXX;x
3119;207;110;24;XXX;x
3120;207;110;25;XXX;x
3121;207;110;26;XXX;x
3122;207;110;27;XXX;x
3123;207;110;28;XXX;x
3124;207;110;29;XXX;x
3125;207;110;30;XXX;x
3126;207;110;31;XXX;x
3127;207;110;32;XXX;x
3128;207;110;33;XXX;x
3129;207;110;34;XXX;x
3130;207;110;35;XXX;x
3131;207;110;36;XXX;x
3132;207;110;37;XXX;x
3133;207;110;38;XXX;x
3134;207;110;39;XXX;x
3135;207;110;40;XXX;x
3136;207;110;41;XXX;x
3137;207;110;42;XXX;x
3138;207;110;43;XXX;x
3139;207;110;44;XXX;x
3140;207;110;45;XXX;x
3141;207;110;46;XXX;x
3142;207;110;47;XXX;x
3143;207;110;48;XXX;x
3144;207;110;49;XXX;x
3145;207;110;50;XXX;x
3146;207;110;51;XXX;x
3147;207;110;52;XXX;x
3148;207;110;53;XXX;x
3149;207;110;54;XXX;x
3150;207;110;55;XXX;x
3151;207;110;56;XXX;x
3152;207;110;57;XXX;x
3153;207;110;58;XXX;x
3154;207;110;59;XXX;x
3155;207;110;60;XXX;x
3156;207;110;61;XXX;x
3157;207;110;62;XXX;x
3158;207;110;63;XXX;x
3159;207;110;64;XXX;x
3160;207;110;65;XXX;x
3161;207;110;66;XXX;x
3162;207;110;67;XXX;x
3163;207;110;68;XXX;x
3164;207;110;69;XXX;x
3165;207;110;70;XXX;x
3166;207;110;71;XXX;x
3167;207;110;72;XXX;x
3168;207;110;73;XXX;x
3169;207;110;74;XXX;x
3170;207;110;75;XXX;x
3171;207;110;76;XXX;x
3172;207;110;77;XXX;x
3173;207;110;78;XXX;x
3174;207;110;79;XXX;x
3175;207;110;80;XXX;x
3176;207;110;81;XXX;x
3177;207;110;82;XXX;x
3178;207;110;83;XXX;x
3179;207;110;84;XXX;x
3180;207;110;85;XXX;x
3181;207;110;86;XXX;x
3182;207;110;87;XXX;x
3183;207;110;88;XXX;x
3184;207;110;89;XXX;x
3185;207;110;90;XXX;x
3186;207;110;91;XXX;x
3187;207;110;92;XXX;x
3188;207;110;93;XXX;x
3189;207;110;94;XXX;x
3190;207;110;95;XXX;x
3191;207;110;96;XXX;x
3192;207;110;97;XXX;x
3193;207;110;98;XXX;x
3194;207;110;99;XXX;x
3195;207;110;100;XXX;x
3196;207;110;101;XXX;x
3197;207;110;102;XXX;x
3198;207;110;103;XXX;x
3199;207;110;104;XXX;x
3200;207;110;105;XXX;x
3201;207;110;106;XXX;x
3202;207;110;107;XXX;x
3203;207;110;108;XXX;x
3204;207;110;109;XXX;x
3205;207;110;110;XXX;x
3206;207;110;111;XXX;x
3207;207;110;112;XXX;x
3208;207;110;113;XXX;x
3209;207;110;114;XXX;x
3210;207;110;115;XXX;x
3211;207;110;116;XXX;x
3212;207;110;117;XXX;x
3213;207;110;118;XXX;x
3214;207;110;119;XXX;x
3215;207;110;120;XXX;x
3216;207;110;121;XXX;x
3217;207;110;122;XXX;x
3218;207;110;123;XXX;x
3219;207;110;124;XXX;x
3220;207;110;125;XXX;x
3221;207;110;126;XXX;x
3222;207;110;127;XXX;x
3223;207;110;128;XXX;x
3224;207;110;129;XXX;x
3225;207;140;130;XXX;x
3226;207;140;131;XXX;x
3227;207;140;132;XXX;x
3228;207;140;133;XXX;x
3229;207;140;134;XXX;x
3230;207;140;135;XXX;x
3231;207;140;136;XXX;x
3232;207;140;137;XXX;x
3233;207;140;138;XXX;x
3234;219;32;0;XXX;x
3235;219;32;1;XXX;x
3236;219;32;2;XXX;x
3237;219;32;3;XXX;x
3238;219;32;4;XXX;x
3239;219;32;5;XXX;x
3240;219;32;6;XXX;x
3241;219;32;7;XXX;x
3242;219;32;8;XXX;x
3243;219;32;9;XXX;x
3244;219;32;10;XXX;x
3245;219;32;11;XXX;x
3246;219;32;12;XXX;x
3247;219;32;13;XXX;x
3248;219;32;14;XXX;x
3249;219;32;15;XXX;x
3250;219;32;16;XXX;x
3251;219;32;17;XXX;x
3252;219;32;18;XXX;x
3253;219;32;19;XXX;x
3254;219;32;20;XXX;x
3255;219;32;21;XXX;x
3256;219;32;22;XXX;x
3257;219;32;23;XXX;x
3258;219;32;24;XXX;x
3259;219;32;25;XXX;x
3260;219;32;26;XXX;x
3261;219;32;27;XXX;x
3262;219;32;28;XXX;x
3263;219;32;29;XXX;x
3264;219;32;30;XXX;x
3265;219;32;31;XXX;x
3266;219;32;32;XXX;x
3267;219;32;33;XXX;x
3268;219;32;34;XXX;x
3269;219;32;35;XXX;x
3270;219;32;36;XXX;x
3271;219;32;37;XXX;x
3272;219;32;38;XXX;x
3273;219;32;39;XXX;x
3274;219;32;40;XXX;x
3275;219;32;41;XXX;x
3276;219;32;42;XXX;x
3277;219;32;43;XXX;x
3278;219;32;44;XXX;x
3279;219;32;45;XXX;x
3280;219;32;46;XXX;x
3281;219;32;47;XXX;x
3282;219;32;48;XXX;x
3283;219;32;49;XXX;x
3284;219;32;50;XXX;x
3285;219;32;51;XXX;x
3286;219;32;52;XXX;x
3287;219;32;53;XXX;x
3288;219;32;54;XXX;x
3289;219;32;55;XXX;x
3290;219;32;56;XXX;x
3291;219;32;57;XXX;x
3292;219;32;58;XXX;x
3293;219;32;59;XXX;x
3294;219;32;60;XXX;x
3295;219;32;61;XXX;x
3296;219;32;62;XXX;x
3297;219;32;63;XXX;x
3298;219;32;64;XXX;x
3299;219;32;65;XXX;x
3300;219;32;66;XXX;x
3301;219;32;67;XXX;x
3302;219;32;68;XXX;x
3303;219;32;69;XXX;x
3304;219;32;70;XXX;x
3305;219;32;71;XXX;x
3306;219;32;72;XXX;x
3307;219;32;73;XXX;x
3308;219;32;74;XXX;x
3309;219;32;75;XXX;x
3310;219;32;76;XXX;x
3311;219;32;77;XXX;x
3312;219;32;78;XXX;x
3313;219;32;79;XXX;x
3314;219;32;80;XXX;x
3315;219;32;81;XXX;x
3316;219;32;82;XXX;x
3317;219;32;83;XXX;x
3318;219;32;84;XXX;x
3319;219;32;85;XXX;x
3320;219;32;86;XXX;x
3321;219;32;87;XXX;x
3322;219;32;88;XXX;x
3323;219;32;89;XXX;x
3324;219;32;90;XXX;x
3325;219;32;91;XXX;x
3326;219;32;92;XXX;x
3327;219;32;93;XXX;x
3328;219;32;94;XXX;x
3329;219;32;95;XXX;x
3330;219;32;96;XXX;x
3331;219;32;97;XXX;x
3332;219;32;98;XXX;x
3333;219;32;99;XXX;x
3334;219;32;100;XXX;x
3335;219;32;101;XXX;x
3336;219;32;102;XXX;x
3337;219;32;103;XXX;x
3338;219;32;104;XXX;x
3339;219;32;105;XXX;x
3340;219;32;106;XXX;x
3341;219;32;107;XXX;x
3342;219;32;108;XXX;x
3343;219;32;109;XXX;x
3344;219;32;110;XXX;x
3345;219;32;111;XXX;x
3346;219;32;112;XXX;x
3347;219;32;113;XXX;x
3348;219;32;114;XXX;x
3349;219;32;115;XXX;x
3350;219;32;116;XXX;x
3351;219;32;117;XXX;x
3352;219;32;118;XXX;x
3353;219;32;119;XXX;x
3354;219;32;120;XXX;x
3355;219;32;121;XXX;x
3356;219;32;122;XXX;x
3357;219;32;123;XXX;x
3358;219;32;124;XXX;x
3359;219;32;125;XXX;x
3360;219;32;126;XXX;x
3361;219;32;127;XXX;x
3362;219;32;128;XXX;x
3363;219;32;129;XXX;x
3364;219;32;130;XXX;x
3365;219;32;131;XXX;x
3366;219;32;132;XXX;x
3367;219;32;133;XXX;x
3368;219;32;134;XXX;x
3369;219;32;135;XXX;x
3370;219;32;136;XXX;x
3371;219;32;137;XXX;x
3372;219;32;138;XXX;x
3373;219;32;139;XXX;x
3374;219;32;140;XXX;x
3375;219;32;141;XXX;x
3376;219;32;142;XXX;x
3377;219;32;143;XXX;x
3378;219;32;144;XXX;x
3379;219;32;145;XXX;x
3380;219;32;146;XXX;x
3381;219;32;147;XXX;x
3382;219;32;148;XXX;x
3383;219;32;149;XXX;x
3384;219;32;150;XXX;x
3385;219;32;151;XXX;x
3386;219;32;152;XXX;x
3387;219;32;153;XXX;x
3388;219;32;154;XXX;x
3389;219;32;155;XXX;x
3390;219;32;156;XXX;x
3391;219;32;157;XXX;x
3392;219;32;158;XXX;x
3393;219;32;159;XXX;x
3394;219;32;160;XXX;x
3395;219;32;161;XXX;x
3396;219;32;162;XXX;x
3397;219;32;163;XXX;x
3398;219;32;164;XXX;x
3399;219;32;165;XXX;x
3400;219;32;166;XXX;x
3401;219;32;167;XXX;x
3402;219;32;168;XXX;x
3403;219;32;169;XXX;x
3404;219;32;170;XXX;x
3405;219;32;171;XXX;x
3406;219;32;172;XXX;x
3407;219;32;173;XXX;x
3408;219;32;174;XXX;x
3409;219;32;175;XXX;x
3410;219;32;176;XXX;x
3411;219;32;177;XXX;x
3412;219;32;178;XXX;x
3413;219;32;179;XXX;x
3414;219;32;180;XXX;x
3415;219;32;181;XXX;x
3416;219;32;182;XXX;x
3417;219;32;183;XXX;x
3418;219;32;184;XXX;x
3419;219;32;185;XXX;x
3420;219;32;186;XXX;x
3421;219;32;187;XXX;x
3422;219;32;188;XXX;x
3423;219;32;189;XXX;x
3424;219;32;190;XXX;x
3425;219;32;191;XXX;x
3426;219;32;192;XXX;x
3427;219;32;193;XXX;x
3428;219;32;194;XXX;x
3429;219;32;195;XXX;x
3430;219;32;196;XXX;x
3431;219;32;197;XXX;x
3432;219;32;198;XXX;x
3433;219;32;199;XXX;x
3434;219;32;200;XXX;x
3435;219;32;201;XXX;x
3436;219;32;202;XXX;x
3437;219;32;203;XXX;x
3438;219;32;204;XXX;x
3439;219;32;205;XXX;x
3440;219;32;206;XXX;x
3441;219;32;207;XXX;x
3442;219;32;208;XXX;x
3443;219;32;209;XXX;x
3444;219;32;210;XXX;x
3445;219;32;211;XXX;x
3446;219;32;212;XXX;x
3447;219;32;213;XXX;x
3448;219;32;214;XXX;x
3449;219;32;215;XXX;x
3450;219;32;216;XXX;x
3451;219;32;217;XXX;x
3452;219;32;218;XXX;x
3453;219;32;219;XXX;x
3454;219;32;220;XXX;x
3455;219;32;221;XXX;x
3456;219;32;222;XXX;x
3457;219;32;223;XXX;x
3458;219;32;224;XXX;x
3459;219;32;225;XXX;x
3460;219;32;226;XXX;x
3461;219;32;227;XXX;x
3462;219;32;228;XXX;x
3463;219;32;229;XXX;x
3464;219;23;120;XXX;x
3465;219;23;121;XXX;x
3466;219;23;122;XXX;x
3467;219;23;123;XXX;x
3468;219;23;124;XXX;x
3469;219;23;125;XXX;x
3470;219;23;126;XXX;x
3471;219;23;127;XXX;x
3472;219;23;128;XXX;x
3473;219;23;129;XXX;x
3474;219;23;130;XXX;x
3475;219;23;131;XXX;x
3476;219;23;132;XXX;x
3477;219;23;133;XXX;x
3478;219;23;134;XXX;x
3479;219;23;135;XXX;x
3480;219;23;136;XXX;x
3481;219;23;137;XXX;x
3482;219;23;138;XXX;x
3483;219;23;139;XXX;x
3484;219;23;140;XXX;x
3485;219;23;141;XXX;x
3486;219;23;142;XXX;x
3487;219;23;143;XXX;x
3488;219;23;144;XXX;x
3489;219;23;145;XXX;x
3490;219;23;146;XXX;x
3491;219;23;147;XXX;x
3492;219;23;148;XXX;x
3493;219;23;149;XXX;x
3494;219;23;150;XXX;x
3495;219;23;151;XXX;x
3496;219;23;152;XXX;x
3497;219;23;153;XXX;x
3498;219;23;154;XXX;x
3499;219;23;155;XXX;x
3500;219;23;156;XXX;x
3501;219;23;157;XXX;x
3502;219;23;158;XXX;x
3503;219;23;159;XXX;x
3504;219;23;160;XXX;x
3505;219;23;161;XXX;x
3506;219;23;162;XXX;x
3507;219;23;163;XXX;x
3508;219;23;164;XXX;x
3509;219;23;165;XXX;x
3510;219;23;166;XXX;x
3511;219;23;167;XXX;x
3512;219;23;168;XXX;x
3513;219;23;169;XXX;x
3514;219;23;170;XXX;x
3515;219;23;171;XXX;x
3516;219;23;172;XXX;x
3517;219;23;173;XXX;x
3518;219;23;174;XXX;x
3519;219;23;175;XXX;x
3520;219;23;176;XXX;x
3521;219;23;177;XXX;x
3522;219;23;178;XXX;x
3523;219;23;179;XXX;x
3524;219;23;180;XXX;x
3525;219;23;181;XXX;x
3526;219;23;182;XXX;x
3527;219;23;183;XXX;x
3528;219;23;184;XXX;x
3529;219;23;185;XXX;x
3530;219;23;186;XXX;x
3531;219;23;187;XXX;x
3532;219;23;188;XXX;x
3533;219;23;189;XXX;x
3534;219;23;190;XXX;x
3535;219;23;191;XXX;x
3536;219;23;192;XXX;x
3537;219;23;193;XXX;x
3538;219;23;194;XXX;x
3539;219;23;195;XXX;x
3540;219;23;196;XXX;x
3541;219;23;197;XXX;x
3542;219;23;198;XXX;x
3543;219;23;199;XXX;x
3544;219;23;200;XXX;x
3545;219;23;201;XXX;x
3546;219;23;202;XXX;x
3547;219;23;203;XXX;x
3548;219;23;204;XXX;x
3549;219;23;205;XXX;x
3550;219;23;206;XXX;x
3551;219;23;207;XXX;x
3552;219;23;208;XXX;x
3553;219;24;209;XXX;x
3554;219;24;210;XXX;x
3555;219;24;211;XXX;x
3556;219;24;212;XXX;x
3557;219;24;213;XXX;x
3558;219;24;214;XXX;x
3559;219;24;215;XXX;x
3560;219;24;216;XXX;x
3561;219;24;217;XXX;x
3562;219;24;218;XXX;x
3563;219;24;219;XXX;x
3564;219;24;220;XXX;x
3565;219;24;221;XXX;x
3566;219;24;222;XXX;x
3567;219;24;223;XXX;x
3568;219;24;224;XXX;x
3569;219;24;225;XXX;x
3570;219;24;226;XXX;x
3571;219;24;227;XXX;x
3572;219;24;228;XXX;x
3573;219;24;229;XXX;x
3574;219;24;230;XXX;x
3575;219;24;231;XXX;x
3576;219;24;232;XXX;x
3577;219;24;233;XXX;x
3578;219;24;234;XXX;x
3579;219;24;235;XXX;x
3580;219;24;236;XXX;x
3581;219;24;237;XXX;x
3582;219;24;238;XXX;x
3583;219;24;239;XXX;x
3584;219;24;240;XXX;x
3585;219;24;241;XXX;x
3586;219;24;242;XXX;x
3587;219;24;243;XXX;x
3588;219;24;244;XXX;x
3589;219;24;245;XXX;x
3590;219;24;246;XXX;x
3591;219;24;247;XXX;x
3592;219;24;248;XXX;x
3593;219;24;249;XXX;x
3594;219;24;150;XXX;x
3595;225;25;151;XXX;x
3596;225;25;152;XXX;x
3597;225;25;153;XXX;x
3598;225;25;154;XXX;x
3599;225;25;155;XXX;x
3600;225;25;156;XXX;x
3601;225;25;157;XXX;x
3602;225;25;158;XXX;x
3603;225;25;159;XXX;x
3604;225;25;160;XXX;x
3605;225;25;161;XXX;x
3606;225;25;162;XXX;x
3607;225;25;163;XXX;x
3608;225;25;164;XXX;x
3609;225;25;165;XXX;x
3610;225;25;166;XXX;x
3611;225;25;167;XXX;x
3612;225;25;168;XXX;x
3613;225;25;169;XXX;x
3614;225;25;170;XXX;x
3615;225;25;171;XXX;x
3616;225;25;172;XXX;x
3617;225;25;173;XXX;x
3618;225;25;174;XXX;x
3619;225;25;175;XXX;x
3620;225;25;176;XXX;x
3621;225;25;177;XXX;x
3622;225;25;178;XXX;x
3623;225;25;179;XXX;x
3624;225;25;180;XXX;x
3625;225;25;181;XXX;x
3626;225;25;182;XXX;x
3627;225;25;183;XXX;x
3628;225;25;184;XXX;x
3629;225;25;185;XXX;x
3630;225;25;186;XXX;x
3631;225;25;187;XXX;x
3632;225;25;188;XXX;x
3633;225;25;189;XXX;x
3634;225;25;190;XXX;x
3635;225;25;191;XXX;x
3636;225;25;192;XXX;x
3637;225;25;193;XXX;x
3638;225;25;194;XXX;x
3639;225;25;195;XXX;x
3640;225;25;196;XXX;x
3641;225;25;197;XXX;x
3642;225;25;198;XXX;x
3643;225;25;199;XXX;x
3644;225;25;200;XXX;x
3645;225;25;201;XXX;x
3646;225;25;202;XXX;x
3647;225;25;203;XXX;x
3648;225;25;204;XXX;x
3649;225;25;205;XXX;x
3650;225;25;206;XXX;x
3651;225;25;207;XXX;x
3652;225;25;208;XXX;x
3653;225;25;209;XXX;x
3654;225;25;200;XXX;x
3655;225;25;201;XXX;x
3656;225;25;202;XXX;x
3657;225;25;203;XXX;x
3658;225;25;204;XXX;x
3659;225;25;205;XXX;x
3660;225;25;206;XXX;x
3661;225;25;207;XXX;x
3662;225;25;208;XXX;x
3663;225;25;209;XXX;x
3664;100;10;120;XXX;x
3665;100;10;121;XXX;x
3666;100;10;122;XXX;x
3667;100;10;123;XXX;x
3668;100;10;124;XXX;x
3669;100;10;125;XXX;x
3670;100;10;126;XXX;x
3671;100;10;127;XXX;x
3672;100;10;128;XXX;x
3673;100;10;129;XXX;x
3674;100;10;130;XXX;x
3675;100;10;131;XXX;x
3676;100;10;132;XXX;x
3677;100;10;133;XXX;x
3678;100;10;134;XXX;x
3679;100;10;135;XXX;x
3680;100;10;136;XXX;x
3681;100;10;137;XXX;x
3682;100;10;138;XXX;x
3683;100;10;139;XXX;x
3684;100;10;140;XXX;x
3685;100;10;141;XXX;x
3686;100;10;142;XXX;x
3687;100;10;143;XXX;x
3688;100;10;144;XXX;x
3689;100;10;145;XXX;x
3690;100;10;146;XXX;x
3691;100;10;147;XXX;x
3692;100;10;148;XXX;x
3693;100;10;149;XXX;x
3694;100;10;150;XXX;x
3695;100;10;151;XXX;x
3696;100;10;152;XXX;x
3697;100;10;153;XXX;x
3698;100;10;154;XXX;x
3699;100;10;155;XXX;x
3700;100;10;156;XXX;x
3701;100;10;157;XXX;x
3702;100;10;158;XXX;x
3703;100;10;159;XXX;x
3704;100;10;160;XXX;x
3705;100;10;161;XXX;x
3706;100;10;162;XXX;x
3707;100;10;163;XXX;x
3708;100;10;164;XXX;x
3709;100;10;165;XXX;x
3710;100;10;166;XXX;x
3711;100;10;167;XXX;x
3712;100;10;168;XXX;x
3713;100;10;169;XXX;x
3714;100;10;170;XXX;x
3715;100;10;171;XXX;x
3716;100;10;172;XXX;x
3717;100;10;173;XXX;x
3718;100;10;174;XXX;x
3719;100;10;175;XXX;x
3720;100;10;176;XXX;x
3721;100;10;177;XXX;x
3722;100;10;178;XXX;x
3723;100;10;179;XXX;x
3724;100;10;180;XXX;x
3725;100;10;181;XXX;x
3726;100;10;182;XXX;x
3727;100;10;183;XXX;x
3728;100;10;184;XXX;x
3729;100;10;185;XXX;x
3730;100;10;186;XXX;x
3731;100;10;187;XXX;x
3732;100;10;188;XXX;x
3733;100;10;189;XXX;x
3734;100;10;190;XXX;x
3735;100;10;191;XXX;x
3736;100;10;192;XXX;x
3737;100;10;193;XXX;x
3738;100;10;194;XXX;x
3739;100;10;195;XXX;x
3740;100;10;196;XXX;x
3741;100;10;197;XXX;x
3742;100;10;198;XXX;x
3743;100;10;199;XXX;x
3744;100;11;100;XXX;x
3745;100;11;101;XXX;x
3746;100;11;102;XXX;x
3747;100;11;103;XXX;x
3748;100;11;104;XXX;x
3749;100;11;105;XXX;x
3750;100;11;106;XXX;x
3751;100;11;107;XXX;x
3752;100;11;108;XXX;x
3753;100;11;109;XXX;x
3754;100;11;110;XXX;x
3755;100;11;111;XXX;x
3756;100;11;112;XXX;x
3757;100;11;113;XXX;x
3758;100;11;114;XXX;x
3759;100;11;115;XXX;x
3760;100;11;116;XXX;x
3761;100;11;117;XXX;x
3762;100;11;118;XXX;x
3763;100;11;119;XXX;x
3764;100;11;120;XXX;x
3765;100;11;121;XXX;x
3766;100;11;122;XXX;x
3767;100;11;123;XXX;x
3768;100;11;124;XXX;x
3769;100;11;125;XXX;x
3770;100;11;126;XXX;x
3771;100;11;127;XXX;x
3772;100;11;128;XXX;x
3773;100;11;129;XXX;x
3774;100;11;130;XXX;x
3775;100;11;131;XXX;x
3776;100;11;132;XXX;x
3777;100;11;133;XXX;x
3778;100;11;134;XXX;x
3779;100;11;135;XXX;x
3780;100;11;136;XXX;x
3781;100;11;137;XXX;x
3782;100;11;138;XXX;x
3783;100;11;139;XXX;x
3784;100;11;140;XXX;x
3785;100;11;141;XXX;x
3786;100;11;142;XXX;x
3787;100;11;143;XXX;x
3788;100;11;144;XXX;x
3789;100;11;145;XXX;x
3790;100;11;146;XXX;x
3791;100;11;147;XXX;x
3792;100;11;148;XXX;x
3793;100;11;149;XXX;x
3794;100;11;150;XXX;x
3795;100;11;151;XXX;x
3796;100;11;152;XXX;x
3797;100;11;153;XXX;x
3798;100;11;154;XXX;x
3799;100;11;155;XXX;x
3800;100;11;156;XXX;x
3801;100;11;157;XXX;x
3802;100;11;158;XXX;x
3803;100;11;159;XXX;x
3804;100;11;160;XXX;x
3805;100;11;161;XXX;x
3806;100;11;162;XXX;x
3807;100;11;163;XXX;x
3808;100;11;164;XXX;x
3809;100;11;165;XXX;x
3810;100;11;166;XXX;x
3811;100;11;167;XXX;x
3812;100;11;168;XXX;x
3813;100;11;169;XXX;x
3814;100;11;170;XXX;x
3815;100;11;171;XXX;x
3816;100;11;172;XXX;x
3817;100;11;173;XXX;x
3818;100;11;174;XXX;x
3819;100;11;175;XXX;x
3820;100;11;176;XXX;x
3821;100;11;177;XXX;x
3822;100;11;178;XXX;x
3823;100;11;179;XXX;x
3824;100;11;180;XXX;x
3825;100;11;181;XXX;x
3826;100;11;182;XXX;x
3827;100;11;183;XXX;x
3828;100;11;184;XXX;x
3829;100;11;185;XXX;x
3830;100;11;186;XXX;x
3831;100;11;187;XXX;x
3832;100;11;188;XXX;x
3833;100;11;189;XXX;x
3834;100;11;190;XXX;x
3835;100;11;191;XXX;x
3836;100;11;192;XXX;x
3837;100;11;193;XXX;x
3838;100;11;194;XXX;x
3839;100;11;195;XXX;x
3840;100;11;196;XXX;x
3841;100;11;197;XXX;x
3842;100;11;198;XXX;x
3843;100;11;199;XXX;x
3844;100;12;100;XXX;x
3845;100;12;101;XXX;x
3846;100;12;102;XXX;x
3847;100;12;103;XXX;x
3848;100;12;104;XXX;x
3849;100;12;105;XXX;x
3850;100;12;106;XXX;x
3851;100;12;107;XXX;x
3852;100;12;108;XXX;x
3853;100;12;109;XXX;x
3854;100;12;110;XXX;x
3855;100;12;111;XXX;x
3856;100;12;112;XXX;x
3857;100;12;113;XXX;x
3858;100;12;114;XXX;x
3859;100;12;115;XXX;x
3860;100;12;116;XXX;x
3861;100;12;117;XXX;x
3862;100;12;118;XXX;x
3863;100;12;119;XXX;x
3864;100;12;120;XXX;x
3865;100;12;121;XXX;x
3866;100;12;122;XXX;x
3867;100;12;123;XXX;x
3868;100;12;124;XXX;x
3869;100;12;125;XXX;x
3870;100;12;126;XXX;x
3871;100;12;127;XXX;x
3872;100;12;128;XXX;x
3873;100;12;129;XXX;x
3874;100;12;130;XXX;x
3875;100;12;131;XXX;x
3876;100;12;132;XXX;x
3877;100;12;133;XXX;x
3878;100;12;134;XXX;x
3879;100;12;135;XXX;x
3880;100;12;136;XXX;x
3881;100;12;137;XXX;x
3882;100;12;138;XXX;x
3883;100;12;139;XXX;x
3884;100;12;140;XXX;x
3885;100;12;141;XXX;x
3886;100;12;142;XXX;x
3887;100;12;143;XXX;x
3888;100;12;144;XXX;x
3889;100;12;145;XXX;x
3890;100;12;146;XXX;x
3891;100;12;147;XXX;x
3892;100;12;148;XXX;x
3893;100;12;149;XXX;x
3894;100;12;150;XXX;x
3895;100;12;151;XXX;x
3896;100;12;152;XXX;x
3897;100;12;153;XXX;x
3898;100;12;154;XXX;x
3899;100;12;155;XXX;x
3900;100;12;156;XXX;x
3901;100;12;157;XXX;x
3902;100;12;158;XXX;x
3903;100;12;159;XXX;x
3904;100;12;160;XXX;x
3905;100;12;161;XXX;x
3906;100;12;162;XXX;x
3907;100;12;163;XXX;x
3908;100;12;164;XXX;x
3909;100;12;165;XXX;x
3910;100;12;166;XXX;x
3911;100;12;167;XXX;x
3912;100;12;168;XXX;x
3913;100;12;169;XXX;x
3914;100;12;170;XXX;x
3915;100;12;171;XXX;x
3916;100;12;172;XXX;x
3917;100;12;173;XXX;x
3918;100;12;174;XXX;x
3919;100;12;175;XXX;x
3920;100;12;176;XXX;x
3921;100;12;177;XXX;x
3922;100;12;178;XXX;x
3923;100;12;179;XXX;x
3924;100;12;180;XXX;x
3925;100;12;181;XXX;x
3926;100;12;182;XXX;x
3927;100;12;183;XXX;x
3928;100;12;184;XXX;x
3929;100;12;185;XXX;x
3930;100;12;186;XXX;x
3931;100;12;187;XXX;x
3932;100;12;188;XXX;x
3933;100;12;189;XXX;x
3934;100;12;190;XXX;x
3935;100;12;191;XXX;x
3936;100;12;192;XXX;x
3937;100;12;193;XXX;x
3938;100;12;194;XXX;x
3939;100;12;195;XXX;x
3940;100;12;196;XXX;x
3941;100;12;197;XXX;x
3942;100;12;198;XXX;x
3943;100;12;199;XXX;x
3944;100;13;100;XXX;x
3945;100;13;101;XXX;x
3946;100;13;102;XXX;x
3947;100;13;103;XXX;x
3948;100;13;104;XXX;x
3949;100;13;105;XXX;x
3950;100;13;106;XXX;x
3951;100;13;107;XXX;x
3952;100;13;108;XXX;x
3953;100;13;109;XXX;x
3954;100;13;110;XXX;x
3955;100;13;111;XXX;x
3956;100;13;112;XXX;x
3957;100;13;113;XXX;x
3958;100;13;114;XXX;x
3959;100;13;115;XXX;x
3960;100;13;116;XXX;x
3961;100;13;117;XXX;x
3962;100;13;118;XXX;x
3963;100;13;119;XXX;x
3964;100;13;120;XXX;x
3965;100;13;121;XXX;x
3966;100;13;122;XXX;x
3967;100;13;123;XXX;x
3968;100;13;124;XXX;x
3969;100;13;125;XXX;x
3970;100;13;126;XXX;x
3971;100;13;127;XXX;x
3972;100;13;128;XXX;x
3973;100;13;129;XXX;x
3974;100;13;130;XXX;x
3975;100;13;131;XXX;x
3976;100;13;132;XXX;x
3977;100;13;133;XXX;x
3978;100;13;134;XXX;x
3979;100;13;135;XXX;x
3980;100;13;136;XXX;x
3981;100;13;137;XXX;x
3982;100;13;138;XXX;x
3983;100;13;139;XXX;x
3984;100;13;140;XXX;x
3985;100;13;141;XXX;x
3986;100;13;142;XXX;x
3987;100;13;143;XXX;x
3988;100;13;144;XXX;x
3989;100;13;145;XXX;x
3990;100;13;146;XXX;x
3991;100;13;147;XXX;x
3992;100;13;148;XXX;x
3993;100;13;149;XXX;x
3994;100;13;150;XXX;x
3995;100;13;151;XXX;x
3996;100;13;152;XXX;x
3997;100;13;153;XXX;x
3998;100;13;154;XXX;x
3999;100;13;155;XXX;x
4000;100;13;156;XXX;x
4001;100;13;157;XXX;x
4002;100;13;158;XXX;x
4003;100;13;159;XXX;x
4004;100;13;160;XXX;x
4005;100;13;161;XXX;x
4006;100;13;162;XXX;x
4007;100;13;163;XXX;x
4008;100;13;164;XXX;x
4009;100;13;165;XXX;x
4010;100;13;166;XXX;x
4011;100;13;167;XXX;x
4012;100;13;168;XXX;x
4013;100;13;169;XXX;x
4014;100;13;170;XXX;x
4015;100;13;171;XXX;x
4016;100;13;172;XXX;x
4017;100;13;173;XXX;x
4018;100;13;174;XXX;x
4019;100;13;175;XXX;x
4020;100;13;176;XXX;x
4021;100;13;177;XXX;x
4022;100;13;178;XXX;x
4023;100;13;179;XXX;x
4024;100;13;180;XXX;x
4025;100;13;181;XXX;x
4026;100;13;182;XXX;x
4027;100;13;183;XXX;x
4028;100;13;184;XXX;x
4029;100;13;185;XXX;x
4030;100;13;186;XXX;x
4031;100;13;187;XXX;x
4032;100;13;188;XXX;x
4033;100;13;189;XXX;x
4034;100;13;190;XXX;x
4035;100;13;191;XXX;x
4036;100;13;192;XXX;x
4037;100;13;193;XXX;x
4038;100;13;194;XXX;x
4039;100;13;195;XXX;x
4040;100;13;196;XXX;x
4041;100;13;197;XXX;x
4042;100;13;198;XXX;x
4043;100;13;199;XXX;x
4044;100;14;100;XXX;x
4045;100;14;101;XXX;x
4046;100;14;102;XXX;x
4047;100;14;103;XXX;x
4048;100;14;104;XXX;x
4049;100;14;105;XXX;x
4050;100;14;106;XXX;x
4051;100;14;107;XXX;x
4052;100;14;108;XXX;x
4053;100;14;109;XXX;x
4054;100;14;110;XXX;x
4055;100;14;111;XXX;x
4056;100;14;112;XXX;x
4057;100;14;113;XXX;x
4058;100;14;114;XXX;x
4059;100;14;115;XXX;x
4060;100;14;116;XXX;x
4061;100;14;117;XXX;x
4062;100;14;118;XXX;x
4063;100;14;119;XXX;x
4064;239;204;149;XXX;x
4065;244;97;32;XXX;x
4066;217;166;43;XXX;x
4067;142;185;186;XXX;x
4068;100;201;61;XXX;x
4069;38;83;21;XXX;x
4070;169;74;32;XXX;x
4071;215;80;147;XXX;x
4072;79;160;47;XXX;x
4073;139;53;205;XXX;x
4074;185;135;224;XXX;x
4075;201;54;85;XXX;x
4076;222;145;161;XXX;x
4077;217;108;129;XXX;x
4078;155;61;79;XXX;x
4079;227;164;55;XXX;x
4080;234;204;150;XXX;x
4081;200;19;117;XXX;x
4082;49;155;99;XXX;x
4083;38;234;130;XXX;x
4084;44;52;201;XXX;x
4085;145;165;177;XXX;x
4086;220;30;106;XXX;x
4087;171;67;109;XXX;x
4088;219;159;183;XXX;x
4089;44;123;42;XXX;x
4090;106;189;104;XXX;x
4091;33;220;28;XXX;x
4092;225;80;159;XXX;x
4093;123;127;208;XXX;x
4094;210;164;53;XXX;x
4095;46;174;176;XXX;x
4096;28;134;135;XXX;x
4097;208;113;137;XXX;x
4098;57;112;35;XXX;x
4099;169;127;77;XXX;x
4100;234;32;70;XXX;x
4101;78;126;60;XXX;x
4102;30;188;53;XXX;x
4103;215;196;132;XXX;x
4104;215;17;73;XXX;x
4105;141;193;135;XXX;x
4106;57;208;42;XXX;x
4107;203;160;93;XXX;x
4108;172;118;32;XXX;x
4109;220;52;0;XXX;x
4110;187;203;173;XXX;x
4111;133;213;62;XXX;x
4112;97;177;26;XXX;x
4113;28;191;70;XXX;x
4114;219;44;196;XXX;x
4115;207;205;37;XXX;x
4116;181;113;48;XXX;x
4117;227;125;26;XXX;x
4118;239;192;146;XXX;x
4119;191;117;46;XXX;x
4120;53;152;36;XXX;x
4121;145;76;136;XXX;x
4122;219;94;40;XXX;x
4123;220;158;209;XXX;x
4124;120;115;207;XXX;x
4125;82;225;176;XXX;x
4126;217;90;204;XXX;x
4127;217;173;199;XXX;x
4128;32;114;111;XXX;x
4129;87;220;115;XXX;x
4130;219;217;53;XXX;x
4131;52;121;25;XXX;x
4132;213;60;93;XXX;x
4133;96;201;25;XXX;x
4134;219;217;76;XXX;x
4135;101;224;33;XXX;x
4136;140;15;150;XXX;x
4137;150;15;175;XXX;x
4138;160;15;200;XXX;x
4139;170;15;100;XXX;x
4140;180;15;150;XXX;x
4141;190;15;175;XXX;x
4142;200;15;200;XXX;x
4143;210;15;100;XXX;x
4144;220;15;150;XXX;x
4145;230;15;175;XXX;x
4146;240;15;200;XXX;x
4147;250;15;100;XXX;x
4148;207;15;150;XXX;x
4149;207;15;175;XXX;x
4150;207;15;200;XXX;x
4151;197;15;100;XXX;x
4152;207;15;100;XXX;x
4153;197;15;150;XXX;x
4154;231;127;43;XXX;x
4155;119;212;150;XXX;x
4156;157;124;213;XXX;x
4157;103;160;108;XXX;x
4158;145;85;134;XXX;x
4159;156;39;189;XXX;x
4160;119;162;166;XXX;x
4161;205;163;151;XXX;x
4162;180;212;180;XXX;x
4163;177;112;53;XXX;x
4164;160;91;132;XXX;x
4165;185;241;202;XXX;x
4166;43;136;207;XXX;x
4167;43;106;43;XXX;x
4168;109;195;109;XXX;x
4169;210;205;68;XXX;x
4170;229;71;55;XXX;x
4171;146;198;217;XXX;x
4172;142;201;142;XXX;x
4173;53;164;53;XXX;x
4174;222;47;96;XXX;x
4175;227;54;54;XXX;x
4176;70;229;231;XXX;x
4177;88;239;241;XXX;x
4178;103;216;217;XXX;x
4179;139;230;231;XXX;x
4180;45;225;227;XXX;x
4181;79;222;224;XXX;x
4182;40;196;198;XXX;x
4183;54;54;236;XXX;x
4184;34;34;210;XXX;x
4185;207;42;19;XXX;x
4186;198;219;57;XXX;x
4187;127;186;98;XXX;x
4188;222;69;44;XXX;x
4189;201;191;169;XXX;x
4190;225;223;19;XXX;x
4191;74;217;74;XXX;x
4192;222;151;200;XXX;x
4193;44;184;44;XXX;x
4194;145;151;212;XXX;x
4195;208;10;168;XXX;x
4196;113;153;0;XXX;x
4197;225;223;21;XXX;x
4198;225;223;23;XXX;x
4199;225;223;25;XXX;x
4200;225;223;27;XXX;x
4201;225;223;29;XXX;x
4202;117;150;26;XXX;x
4203;237;230;38;XXX;x
4204;224;220;117;XXX;x
4205;208;202;39;XXX;x
4206;231;224;22;XXX;x
4207;220;144;23;XXX;x
4208;150;213;76;XXX;x
4209;220;78;202;XXX;x
4210;54;157;76;XXX;x
4211;195;207;97;XXX;x
4212;135;142;79;XXX;x
4213;222;203;239;XXX;x
4214;111;33;184;XXX;x
4215;176;122;149;XXX;x
4216;22;236;239;XXX;x
4217;106;34;172;XXX;x
4218;200;147;147;XXX;x
4219;15;161;198;XXX;x
4220;81;63;217;XXX;x
4221;222;79;239;XXX;x
4222;16;119;24;XXX;x
4223;24;212;37;XXX;x
4224;224;105;71;XXX;x
4225;171;64;58;XXX;x
4226;222;162;158;XXX;x
4227;148;243;182;XXX;x
4228;29;167;101;XXX;x
4229;136;40;113;XXX;x
4230;164;211;156;XXX;x
4231;137;170;36;XXX;x
4232;219;191;83;XXX;x
4233;183;128;213;XXX;x
4234;74;53;198;XXX;x
4235;150;104;225;XXX;x
4236;207;150;214;XXX;x
4237;102;179;145;XXX;x
4238;94;52;48;XXX;x
4239;151;185;125;XXX;x
4240;104;143;106;XXX;x
4241;148;197;227;XXX;x
4242;56;144;141;XXX;x
4243;45;117;59;XXX;x
4244;29;161;216;XXX;x
4245;44;97;35;XXX;x
4246;186;143;58;XXX;x
4247;89;66;107;XXX;x
4248;44;45;128;XXX;x
4249;35;68;112;XXX;x
4250;38;129;72;XXX;x
4251;129;51;84;XXX;x
4252;196;198;53;XXX;x
4253;129;112;172;XXX;x
4254;101;69;107;XXX;x
4255;72;32;16;XXX;x
4256;122;61;105;XXX;x
4257;40;46;10;XXX;x
4258;26;53;83;XXX;x
4259;22;100;123;XXX;x
4260;74;143;77;XXX;x
4261;52;80;119;XXX;x
4262;69;105;171;XXX;x
4263;117;42;41;XXX;x
4264;44;113;137;XXX;x
4265;148;144;46;XXX;x
4266;50;81;144;XXX;x
4267;209;115;2;XXX;x
4268;36;150;179;XXX;x
4269;64;173;200;XXX;x
4270;29;124;148;XXX;x
4271;105;96;64;XXX;x
4272;195;44;140;XXX;x
4273;188;200;56;XXX;x
4274;158;186;44;XXX;x
4275;231;184;20;XXX;x
4276;145;81;35;XXX;x
4277;31;182;184;XXX;x
4278;45;117;167;XXX;x
4279;144;225;232;XXX;x
4280;255;0;0;XXX;x
4281;48;237;244;XXX;x
4282;37;208;93;XXX;x
4283;239;10;10;XXX;x
4284;89;225;36;XXX;x
4285;203;127;53;XXX;x
4286;35;224;48;XXX;x
4287;239;225;69;XXX;x
4288;170;114;128;XXX;x
4289;69;133;239;XXX;x
4290;152;182;201;XXX;x
4291;34;217;219;XXX;x
4292;215;30;112;XXX;x
4293;141;220;172;XXX;x
4294;153;30;210;XXX;x
4295;46;39;195;XXX;x
4296;83;167;188;XXX;x
4297;15;241;244;XXX;x
4298;222;17;17;XXX;x
4299;215;103;103;XXX;x
4300;44;142;46;XXX;x
4301;44;152;95;XXX;x
4302;9;169;133;XXX;x
4303;201;146;58;XXX;x
4304;79;181;81;XXX;x
4305;166;50;94;XXX;x
4306;31;227;36;XXX;x
4307;171;13;54;XXX;x
4308;159;200;147;XXX;x
4309;39;208;178;XXX;x
4310;191;107;198;XXX;x
4311;198;197;95;XXX;x
4312;213;56;56;XXX;x
4313;214;231;24;XXX;x
4314;209;227;59;XXX;x
4315;91;196;33;XXX;x
4316;255;14;59;XXX;x
4317;127;84;164;XXX;x
4318;31;210;90;XXX;x
4319;53;200;195;XXX;x
4320;188;102;18;XXX;x
4321;219;23;88;XXX;x
4322;69;59;200;XXX;x
4323;67;107;179;XXX;x
4324;215;128;24;XXX;x
4325;67;191;24;XXX;x
4326;210;179;54;XXX;x
4327;224;24;38;XXX;x
4328;99;150;71;XXX;x
4329;181;124;124;XXX;x
4330;187;208;10;XXX;x
4331;200;92;20;XXX;x
4332;83;203;86;XXX;x
4333;17;195;138;XXX;x
4334;79;184;27;XXX;x
4335;168;219;32;XXX;x
4336;53;76;176;XXX;x
4337;212;79;154;XXX;x
4338;150;146;41;XXX;x
4339;48;167;51;XXX;x
4340;116;62;183;XXX;x
4341;99;32;200;XXX;x
4342;231;78;10;XXX;x
4343;70;198;70;XXX;x
4344;225;205;36;XXX;x
4345;232;184;55;XXX;x
4346;13;94;109;XXX;x
4347;213;197;16;XXX;x
4348;184;111;111;XXX;x
4349;210;42;42;XXX;x
4350;117;109;201;XXX;x
4351;134;177;141;XXX;x
4352;69;25;75;XXX;x
4353;118;176;123;XXX;x
4354;135;155;105;XXX;x
4355;67;121;108;XXX;x
4356;105;195;57;XXX;x
4357;94;189;108;XXX;x
4358;159;73;73;XXX;x
4359;124;60;86;XXX;x
4360;51;172;108;XXX;x
4361;99;77;195;XXX;x
4362;63;128;27;XXX;x
4363;163;183;82;XXX;x
4364;195;83;191;XXX;x
4365;121;21;154;XXX;x
4366;184;65;29;XXX;x
4367;224;40;15;XXX;x
4368;149;186;149;XXX;x
4369;222;47;29;XXX;x
4370;134;196;131;XXX;x
4371;244;221;131;XXX;x
4372;143;34;255;XXX;x
4373;96;128;136;XXX;x
4374;54;193;106;XXX;x
4375;212;14;89;XXX;x
4376;112;120;148;XXX;x
4377;104;180;181;XXX;x
4378;224;12;72;XXX;x
4379;236;112;20;XXX;x
4380;215;155;85;XXX;x
4381;73;158;166;XXX;x
4382;201;70;30;XXX;x
4383;208;71;200;XXX;x
4384;88;224;142;XXX;x
4385;191;220;33;XXX;x
4386;208;198;117;XXX;x
4387;208;26;73;XXX;x
4388;178;231;94;XXX;x
4389;155;155;198;XXX;x
4390;149;226;227;XXX;x
4391;144;206;207;XXX;x
4392;198;47;101;XXX;x
4393;105;219;142;XXX;x
4394;154;86;212;XXX;x
4395;104;196;152;XXX;x
4396;219;168;88;XXX;x
4397;89;35;145;XXX;x
4398;135;77;125;XXX;x
4399;248;245;172;XXX;x
4400;201;167;29;XXX;x
4401;125;226;241;XXX;x
4402;112;219;220;XXX;x
4403;185;227;40;XXX;x
4404;235;159;33;XXX;x
4405;203;124;124;XXX;x
4406;220;22;22;XXX;x
4407;212;118;56;XXX;x
4408;236;203;22;XXX;x
4409;177;171;135;XXX;x
4410;196;128;0;XXX;x
4411;219;150;147;XXX;x
4412;231;51;43;XXX;x
4413;221;244;212;XXX;x
4414;115;143;176;XXX;x
4415;146;207;152;XXX;x
4416;207;182;116;XXX;x
4417;161;114;192;XXX;x
4418;155;153;90;XXX;x
4419;229;133;39;XXX;x
4420;160;66;61;XXX;x
4421;91;132;207;XXX;x
4422;207;145;145;XXX;x
4423;181;38;38;XXX;x
4424;186;74;52;XXX;x
4425;24;57;119;XXX;x
4426;213;194;38;XXX;x
4427;220;189;139;XXX;x
4428;234;156;30;XXX;x
4429;206;210;106;XXX;x
4430;153;88;207;XXX;x
4431;227;104;55;XXX;x
4432;90;50;219;XXX;x
4433;212;131;52;XXX;x
4434;154;146;0;XXX;x
4435;208;37;117;XXX;x
4436;227;148;148;XXX;x
